sample_id,phenotype,final_label,disease,tissue,subtype,confidence,matched_column,matched_keyword,annotation_status,OTC,MED17,USH2A,OSBPL3,RAD51,POLQ,MCF2L2,ITIH4,ITIH1,CDH3,DGAT2,PON1,SPA17,LPAR2,DEPDC1B,MCM10,MTHFD2,predicted_label,tumor_probability,prediction_status,cohort
GSM2387649,Tumor,1,Cholangiocarcinoma,Tumor Tissue,,Low,description,cholangiocarcinoma,Resolved,207.86166470593184,174.9623095333334,89.04051695179999,465.5446318307768,319.882179256142,827.7209794617628,79.34760292837846,21.232650842018995,66.92351463029968,63.71422268513066,64.98442187086407,115.90459001126716,529.0422539185967,547.4812970842428,104.61376878477608,418.257493486841,871.7053698006309,0,0.46,Incorrect,GSE89749
GSM2387650,Tumor,1,Cholangiocarcinoma,Tumor Tissue,,Low,description,cholangiocarcinoma,Resolved,170.1716429824013,200.1140334431805,65.77759607344764,1212.3311473401498,931.0796855126011,1544.2848651328254,77.91902401840484,34.08348919967995,74.11983536028298,120.9612780111453,32.52364185829743,398.1474260002095,499.1217670439564,371.4451335506481,115.2308886843803,434.409524173969,665.8566118391269,0,0.46,Incorrect,GSE89749
GSM2387651,Tumor,1,Cholangiocarcinoma,Tumor Tissue,,Low,description,cholangiocarcinoma,Resolved,152.6544876949274,231.87566292440465,71.14612777000711,684.8042969923442,382.5257698445904,591.5729816409455,90.34299067937371,19.847472711492244,64.46355306972472,202.01014425692475,54.52504877538777,114.533347065171,668.2574307172234,196.8500491948123,79.8619969117922,316.4468516934977,707.9037795561944,0,0.46,Incorrect,GSE89749
GSM2387652,Tumor,1,Cholangiocarcinoma,Tumor Tissue,,Low,description,cholangiocarcinoma,Resolved,145.37603477145058,200.7883803289997,62.89927887394954,541.8975047150237,491.31986030647647,957.4521963798176,65.17161333075384,23.30060973183385,85.18489531840638,48.59971903167855,41.62550442320546,154.65629195737222,452.1024295753134,286.3975301807088,532.5580482508942,346.7339916713555,367.5053254704971,0,0.46,Incorrect,GSE89749
GSM2387653,Tumor,1,Cholangiocarcinoma,Tumor Tissue,,Low,description,cholangiocarcinoma,Resolved,3068.9500553144635,211.7320180658261,77.79443273375217,250.0853353660927,502.5685678966638,312.1551361299974,84.05530826960273,69.16271359073197,3598.6601006910337,50.41407278006911,51.720457921205565,1996.9708085944976,654.8868083952894,321.10164634741534,70.84297955137689,174.48173662720816,215.16312628241823,0,0.46,Incorrect,GSE89749
GSM2387654,Tumor,1,Cholangiocarcinoma,Tumor Tissue,,Low,description,cholangiocarcinoma,Resolved,119.92055785429996,187.8299427428661,74.24787878919255,402.3452605950623,492.1328041533318,970.7056138024876,74.76234116951558,19.58986366438838,66.71170351267357,281.04490101174207,62.83303923364471,140.51778481198173,509.29554921676106,268.2870213681502,134.8769881420467,404.3581373460755,844.874252184352,0,0.46,Incorrect,GSE89749
GSM2387655,Tumor,1,Cholangiocarcinoma,Tumor Tissue,,Low,description,cholangiocarcinoma,Resolved,2530.671501776681,196.7353021015037,229.6312662057706,335.216347632887,370.7977118847925,904.2030617342858,91.75286076130322,66.90904357141919,2517.380472238551,44.85369803616376,70.76262660368008,1828.034563022344,712.4132533138536,156.46830291248506,268.9233847010857,540.7256550559695,231.78480318767745,0,0.46,Incorrect,GSE89749
GSM2387656,Tumor,1,Cholangiocarcinoma,Tumor Tissue,,Low,description,cholangiocarcinoma,Resolved,136.6449057052789,191.3753560909064,85.75169225589025,386.4167535474512,477.6459299273445,553.1068136289442,75.02732470306574,24.998109238632267,121.72590083998986,57.78323483049399,59.41395909321104,115.91435877995497,397.0184146980085,1078.6910557172976,176.77983629629003,297.60059928958725,475.8221009846409,0,0.46,Incorrect,GSE89749
GSM2387657,Tumor,1,Cholangiocarcinoma,Tumor Tissue,,Low,description,cholangiocarcinoma,Resolved,122.01905675139383,229.3407592399427,76.72589559123543,455.7604033466824,443.5425774267216,441.4506942317909,85.51564440438995,22.072780789826776,76.57647205324376,54.82187008386517,40.86691121919101,133.54227895450356,690.2197478459382,328.64565937535275,245.37934480764585,263.43165210139205,406.681404749093,0,0.46,Incorrect,GSE89749
GSM2387658,Tumor,1,Cholangiocarcinoma,Tumor Tissue,,Low,description,cholangiocarcinoma,Resolved,143.8222798545632,494.8875854971574,75.84754507885917,188.17649727110592,337.18570694270943,452.9994232209823,99.92915157926616,23.505981962601524,155.58193367476727,45.17620413021713,58.135191946985664,126.73417024505352,283.30296665601844,430.4115438094096,81.24023928346845,283.2190971580398,102.83749283426744,0,0.46,Incorrect,GSE89749
GSM2387659,Tumor,1,Cholangiocarcinoma,Tumor Tissue,,Low,description,cholangiocarcinoma,Resolved,122.71677447275208,240.5544778023785,70.72251198676138,861.8641270296382,529.6027111175509,401.5026537973081,100.58432812128254,22.492451715475056,61.2489460225837,878.3625781804701,42.82487294164514,132.00793298679645,538.4050365990105,167.2545161676924,50.30212715690631,172.53719312780007,346.9642024751058,0,0.46,Incorrect,GSE89749
GSM2387660,Tumor,1,Cholangiocarcinoma,Tumor Tissue,,Low,description,cholangiocarcinoma,Resolved,319.98910405991376,196.541876340388,76.37320008683842,228.8066226976779,339.40823095750414,431.7501705390563,93.63578117118507,20.21059453465224,90.41054996286486,90.4876300018206,37.74862753072998,114.4671348822371,1235.2762774904409,720.0209746457361,131.59370607682942,234.69790698814424,116.38421927123863,0,0.46,Incorrect,GSE89749
GSM2387661,Tumor,1,Cholangiocarcinoma,Tumor Tissue,,Low,description,cholangiocarcinoma,Resolved,212.54936709324448,215.8261448471281,78.06390438151273,327.85468210201776,412.8217159540935,535.8052476746038,80.28187732608437,27.91123172493944,259.4456117164761,35.90462663196062,53.23322639996099,2521.199532374359,618.5178921430575,353.9831407577726,74.13396387125638,279.1628550160779,244.25223335696023,0,0.46,Incorrect,GSE89749
GSM2387662,Tumor,1,Cholangiocarcinoma,Tumor Tissue,,Low,description,cholangiocarcinoma,Resolved,136.87438929293643,244.849182744323,66.22195429119093,183.9763985040101,370.2608824458339,299.2023743728213,75.2513160549338,26.924525359470948,188.7364052341177,37.201336628834014,38.961641990262684,170.26079320255147,938.464840659676,330.1373373896988,104.62714395754274,113.848784376273,180.42359915548508,0,0.46,Incorrect,GSE89749
GSM2387663,Tumor,1,Cholangiocarcinoma,Tumor Tissue,,Low,description,cholangiocarcinoma,Resolved,148.34328421194144,201.7426037180412,76.91666457660682,190.21369601468325,393.7800283729391,258.1020638028665,92.019985334605,79.92290032798695,589.2916609712005,39.99107236298027,50.10617634846968,119.79638186909511,869.8774714487763,424.8980940028957,187.73673170545285,145.03709216982833,122.32594643933412,0,0.46,Incorrect,GSE89749
GSM2387664,Tumor,1,Cholangiocarcinoma,Tumor Tissue,,Low,description,cholangiocarcinoma,Resolved,144.42823171197426,161.2836564122413,71.83034222494959,323.2398888266214,679.1129329929161,604.87042711819,76.3744705903837,23.62693888803068,91.06820593518154,97.84970588338744,33.95761234908973,251.5335547021322,498.0424280513885,385.0435328963628,307.45264531329406,190.52667042613984,394.5046008946728,0,0.46,Incorrect,GSE89749
GSM2387665,Tumor,1,Cholangiocarcinoma,Tumor Tissue,,Low,description,cholangiocarcinoma,Resolved,590.2388841064162,185.8303806142898,81.28090879503505,379.7790076735374,598.4880630746519,420.1238451442884,82.41605288587301,24.48780085857707,87.88301117847361,44.026194910907606,35.66491367087697,130.9796889219385,431.5944136211541,801.0348782695372,141.5179920271206,190.76522349474973,144.8211191394441,0,0.46,Incorrect,GSE89749
GSM2387666,Tumor,1,Cholangiocarcinoma,Tumor Tissue,,Low,description,cholangiocarcinoma,Resolved,144.23022514825453,210.168752308384,76.90720924531212,349.99522668880905,336.1396236930776,1094.9430538555152,141.84960723437942,20.35958290897429,66.61281711882377,179.50422456639302,47.45782134367335,150.16487182820055,410.76261897303925,755.6010736740812,130.9653035632234,336.874638144407,696.4507426410258,0,0.46,Incorrect,GSE89749
GSM2387667,Tumor,1,Cholangiocarcinoma,Tumor Tissue,,Low,description,cholangiocarcinoma,Resolved,153.21617259409993,214.1818703906977,71.62766142803675,425.6336374409721,516.7073445811782,433.1970151170143,105.4820714157388,31.41050734708085,78.49082852186694,51.61075175487506,49.575230601176216,412.4613282885357,559.9709979979309,388.1621230528708,66.82830614225027,182.28930977061992,481.048306468123,0,0.46,Incorrect,GSE89749
GSM2387668,Tumor,1,Cholangiocarcinoma,Tumor Tissue,,Low,description,cholangiocarcinoma,Resolved,136.2711485952514,173.9914490410449,86.77950688535051,220.2778507114325,471.64429139980064,377.0169742307602,84.951944474937,29.314583742351868,89.7378326244327,50.86622101077789,61.56231371149016,139.79648962548532,697.1199721471025,541.7026972181349,70.40201394164572,235.13567426839256,279.55016846315306,0,0.46,Incorrect,GSE89749
GSM2387669,Tumor,1,Cholangiocarcinoma,Tumor Tissue,,Low,description,cholangiocarcinoma,Resolved,145.4803454931131,218.582461943028,64.34395396597692,568.8690487787098,474.3578048480925,326.6250414030989,76.15947528107715,22.452586107679853,101.61741410384924,49.70287589263662,32.577322180952926,135.92041338495724,415.8611844954759,338.07520082134255,221.89729192178663,213.2316307115612,221.8352014645684,0,0.46,Incorrect,GSE89749
GSM2387670,Tumor,1,Cholangiocarcinoma,Tumor Tissue,,Low,description,cholangiocarcinoma,Resolved,611.9947921113161,184.74803598155108,79.8684750062466,291.5063014167508,356.01037074800723,658.8094157016991,90.38590336452404,38.69823916604389,593.6535604777713,39.68347490847775,48.37767393013522,702.6817067478661,383.82871737983714,231.251787929661,104.97365317477006,403.96726870314194,292.2570135950959,0,0.46,Incorrect,GSE89749
GSM2387671,Tumor,1,Cholangiocarcinoma,Tumor Tissue,,Low,description,cholangiocarcinoma,Resolved,211.477769723566,230.1366969177174,83.35753460709937,443.91838505220136,347.165219381683,512.3711331905226,96.55457888235036,26.326938468607047,70.59931207496591,416.177080859804,72.51877830971483,121.32028027149865,611.3395517204066,464.8527891433955,68.88711420132252,163.41043831448752,531.9160055346299,0,0.46,Incorrect,GSE89749
GSM2387672,Tumor,1,Cholangiocarcinoma,Tumor Tissue,,Low,description,cholangiocarcinoma,Resolved,193.78109583728383,168.38972082905272,75.17023418047228,276.0474382941002,373.6091725322541,603.4320962524426,78.8414445908765,63.27769822747876,98.15209214622908,40.02635594690348,53.97955860925017,133.35559512871865,470.2121828127175,273.8345836035346,204.7576075980216,373.43793576243496,199.0419136403373,0,0.46,Incorrect,GSE89749
GSM2387673,Tumor,1,Cholangiocarcinoma,Tumor Tissue,,Low,description,cholangiocarcinoma,Resolved,146.72669778547112,267.22297687274363,82.15023809547056,646.490307435314,568.8637804826718,669.5276928769786,66.96413224245399,20.64537276197117,80.25705787562785,42.17295853522537,35.40016553618971,140.13705369277562,532.7910706049523,950.0173025851168,502.963864259669,336.3285140125718,435.6624914234206,0,0.46,Incorrect,GSE89749
GSM2387674,Tumor,1,Cholangiocarcinoma,Tumor Tissue,,Low,description,cholangiocarcinoma,Resolved,281.5906578317001,167.12016991304762,71.35305446596719,626.755565631089,1065.133230546435,1658.170360884549,78.56079379219118,49.75507432798459,316.0338638912212,245.62960741632403,69.34883959651246,277.36943928522646,356.0880719999907,219.5293442491309,149.58723375724682,649.3435990565639,963.6369332351948,0,0.46,Incorrect,GSE89749
GSM2387675,Tumor,1,Cholangiocarcinoma,Tumor Tissue,,Low,description,cholangiocarcinoma,Resolved,1298.789603230982,152.8324744235548,82.02481995528495,288.44816884904293,917.0931119712204,807.023172082162,80.55102348198423,167.50285805223248,2377.588260549229,249.8119785503804,103.5292663130047,1999.9885022450403,282.45389585005773,310.744991383596,634.2688577356821,264.7977324086076,593.8978539862212,0,0.46,Incorrect,GSE89749
GSM2387676,Tumor,1,Cholangiocarcinoma,Tumor Tissue,,Low,description,cholangiocarcinoma,Resolved,146.5741376110572,164.78957607593796,72.3486172039116,396.8679171082612,1155.329350355032,815.3272037234412,54.38821608220344,24.24977028972161,108.60986645550696,542.4271044144085,49.3975702767967,131.64467350222233,343.9784037888325,393.63485067258176,56.29840159334177,218.28366391985057,389.447536598081,0,0.46,Incorrect,GSE89749
GSM2387677,Tumor,1,Cholangiocarcinoma,Tumor Tissue,,Low,description,cholangiocarcinoma,Resolved,136.05500636421175,161.60613633873177,83.11240540799115,360.4514183008167,1027.0910397640332,564.574540727675,56.70226654816279,29.43994511038,75.04788548088064,618.6353456858279,46.823501015346,168.28933172718484,335.42938105859105,384.6758176274703,69.55112234725911,154.82266784046374,341.5351939853388,0,0.46,Incorrect,GSE89749
GSM2387678,Tumor,1,Cholangiocarcinoma,Tumor Tissue,,Low,description,cholangiocarcinoma,Resolved,345.3101105181106,184.5637839502632,71.80696330949752,622.7775391252223,879.921881292586,667.1737730752134,79.64974682568618,22.2075008039256,61.6145038496935,653.2597922065331,44.52841654156719,111.6300158879376,500.5454731447667,243.144717780314,78.63512459880623,232.36977463428127,386.9264554367747,0,0.46,Incorrect,GSE89749
GSM2387679,Tumor,1,Cholangiocarcinoma,Tumor Tissue,,Low,description,cholangiocarcinoma,Resolved,127.98141777667864,169.14492092691395,75.93777837482048,429.183561302011,1001.4666557736068,751.2070315806802,101.0431354809302,31.171059475628606,98.74673193107192,618.4580442040102,54.12152802185856,326.0400420228217,366.1401639922608,281.2199624410902,78.39612409785161,402.4974514101048,532.5418884417545,0,0.46,Incorrect,GSE89749
GSM2387680,Tumor,1,Cholangiocarcinoma,Tumor Tissue,,Low,description,cholangiocarcinoma,Resolved,154.51002379216652,199.70961189602443,68.36689566598024,161.80209414489187,1056.2520876133228,2138.1058321171968,78.96931887921733,29.08280710064993,79.87569271851476,255.0330654088137,34.80325365168812,133.98532655432695,379.7813111767821,261.96892850113204,240.3737094603659,945.6834886144871,713.0606189983624,0,0.46,Incorrect,GSE89749
GSM2387681,Tumor,1,Cholangiocarcinoma,Tumor Tissue,,Low,description,cholangiocarcinoma,Resolved,135.25133897152608,222.54660163727783,68.61508487712003,346.51342094994766,651.569715023877,784.6428119208302,79.23619534920024,23.4397214772976,72.13748961160069,793.7491274920978,42.942930932556514,112.177199742489,754.7817945160347,382.8708218922745,81.53965866830002,283.6910234457651,573.4823765683902,0,0.46,Incorrect,GSE89749
GSM2387682,Tumor,1,Cholangiocarcinoma,Tumor Tissue,,Low,description,cholangiocarcinoma,Resolved,124.69691669638247,239.84872255341983,67.9434810599961,974.9837862880988,541.1640618699871,937.5760838529978,88.08038030152389,20.531845552845336,95.63407328192967,588.88875156025,49.1980685043236,169.9798304294154,1009.9686335167336,409.162387643858,140.54773854611292,455.3110568597233,1123.711365805007,0,0.46,Incorrect,GSE89749
GSM2387683,Tumor,1,Cholangiocarcinoma,Tumor Tissue,,Low,description,cholangiocarcinoma,Resolved,2786.7688748804394,191.2688475327357,118.37071109759644,350.8745370708726,899.3025342266252,518.4769243390301,73.55868170160277,146.17099217871186,4760.304905322041,148.27960758972776,88.87633518355764,4743.2136924905735,249.45101280514632,122.14253840674635,81.15325453919975,180.10369327582083,233.8272057127396,0,0.46,Incorrect,GSE89749
GSM2387684,Tumor,1,Cholangiocarcinoma,Tumor Tissue,,Low,description,cholangiocarcinoma,Resolved,116.63941125976648,212.58222068783664,78.69834334662721,415.19408628411855,793.05936844366,580.4423975457537,90.9498330192722,22.30278421437848,86.47335256307906,492.20266037204846,51.440539908024206,109.9738111712516,391.0429437536476,247.51847817594856,104.71827961749766,519.5866892690636,634.1836386367676,0,0.46,Incorrect,GSE89749
GSM2387685,Tumor,1,Cholangiocarcinoma,Tumor Tissue,,Low,description,cholangiocarcinoma,Resolved,168.41459703792137,146.67923401326868,73.6046621425066,380.7809067324197,641.012188766038,1063.9480331816785,80.14466700174512,30.625493310122017,122.94878430671628,314.5623619019483,47.66981245328362,298.7909323985908,339.36027293945176,233.2594069338932,219.13287431734497,543.3938375293475,838.8325229370666,0,0.46,Incorrect,GSE89749
GSM2387686,Tumor,1,Cholangiocarcinoma,Tumor Tissue,,Low,description,cholangiocarcinoma,Resolved,2171.0645010989374,247.7675172381993,66.45237637364927,331.3428327626285,414.19727424297946,780.4759579160522,85.5141557844768,27.81433398776198,130.32530149431912,244.13809551562355,90.41049835351384,159.14446566794678,812.1458325017871,396.8263001148063,484.230320554972,282.83634827917865,529.8614242389555,0,0.46,Incorrect,GSE89749
GSM2387687,Tumor,1,Cholangiocarcinoma,Tumor Tissue,,Low,description,cholangiocarcinoma,Resolved,115.9195294247158,248.1843777410541,62.73757470873936,437.33355343136753,548.9804990512488,786.30031006377,91.9664133957557,24.24977028972161,69.86883581836443,415.7925545896025,42.27286012487232,164.44350620540305,459.3518517858381,226.45568679440385,199.98336273960487,240.3601824652544,1011.886801776338,0,0.46,Incorrect,GSE89749
GSM2387688,Tumor,1,Cholangiocarcinoma,Tumor Tissue,,Low,description,cholangiocarcinoma,Resolved,134.69988601979418,158.15743587124945,81.36023616576283,456.239025934496,780.0648012704684,956.583311236498,78.97981273070377,27.50321700091673,66.74793604436651,1556.2073486627712,51.04625213028002,127.8715382441206,729.1494487668114,421.484875785899,85.88917260944719,805.4449433810414,1491.649424249566,0,0.46,Incorrect,GSE89749
GSM2387689,Tumor,1,Cholangiocarcinoma,Tumor Tissue,,Low,description,cholangiocarcinoma,Resolved,163.69197123718865,298.9853837886989,78.63884781858138,452.63499066533,1183.1533383575224,1237.5321654518284,55.94673680817501,22.201834771346977,64.68114718358575,301.98308683563573,42.64924784311072,137.37942768476205,748.5461504257671,487.3004387731577,907.000621982092,367.9685746800105,488.2223588042105,0,0.46,Incorrect,GSE89749
GSM2387690,Tumor,1,Cholangiocarcinoma,Tumor Tissue,,Low,description,cholangiocarcinoma,Resolved,381.6898915469257,178.05976498927188,85.16551465700334,539.6618176646442,1047.3519640529494,662.1886297025384,66.51618629476513,75.70235750765688,742.4808867760753,242.1399490484397,57.15128435002385,532.0970183507633,392.0079537864315,288.64834269232216,196.7798243768481,215.44370643756167,540.1474928669339,0,0.46,Incorrect,GSE89749
GSM2387691,Tumor,1,Cholangiocarcinoma,Tumor Tissue,,Low,description,cholangiocarcinoma,Resolved,214.53540647221115,191.594592685097,72.5670110037823,686.3445566758882,779.4266224444349,613.4558977602591,75.27733014736644,79.48185228447193,553.3965180880886,1473.9871734582052,47.15668734204835,534.1105357034113,389.3962156679067,641.2652530337721,81.474074200458,267.8741430205221,369.8038604011096,0,0.46,Incorrect,GSE89749
GSM2387692,Tumor,1,Cholangiocarcinoma,Tumor Tissue,,Low,description,cholangiocarcinoma,Resolved,714.0851199100822,199.8643214075278,88.25526915843191,377.4725687598769,827.7709963292538,653.7072695983587,81.68050005755907,62.42169194834019,1267.1485485019132,232.1347851965583,60.788530773119696,1142.6258779568725,429.3287678969852,345.9944505668543,914.2776383928632,270.2775931859532,577.7650677298316,0,0.46,Incorrect,GSE89749
GSM2387693,Tumor,1,Cholangiocarcinoma,Tumor Tissue,,Low,description,cholangiocarcinoma,Resolved,153.08245268218894,238.0334124561315,76.77519460860177,248.7005861231616,1313.3496976193055,1666.5622053860573,445.5768631669951,20.994089579141868,123.4043195875302,56.968384315966894,53.93106066655143,112.71269649009066,500.5454731447667,454.95479060071335,160.2280599975478,720.3572356866754,1444.0561502979613,0,0.46,Incorrect,GSE89749
GSM2387694,Tumor,1,Cholangiocarcinoma,Tumor Tissue,,Low,description,cholangiocarcinoma,Resolved,176.01779175434493,197.5436787349772,83.81842112512376,521.5389254157772,435.68477680303175,1397.1448094865768,71.83667007751681,19.42427124058605,65.19492448299157,227.0668491197616,55.24690863488117,145.26381269785983,367.07802952352654,305.77627679980094,173.20013272979227,395.0251685245103,928.4213750308464,0,0.46,Incorrect,GSE89749
GSM2387695,Normal,0,Healthy,Bile Duct,,Low,description,normal,Resolved,195.72240873941425,178.35223593513908,74.47695616048134,366.032794561207,530.6611496811548,291.82609411357487,87.53910156088608,24.265134993881816,68.91006619442554,79.77414378486979,54.93070403407159,106.81436707959855,348.5124556949517,463.1793807730183,44.03685032336207,113.2276224247342,1088.422432398832,0,0.46,Correct,GSE89749
GSM2387696,Normal,0,Healthy,Bile Duct,,Low,description,normal,Resolved,6801.762074646658,185.51116591367023,64.91091384224356,415.8978937362836,435.5673117890368,521.0023346296085,89.41370591508036,21.49211572929444,80.46926684066078,64.16813804024295,51.03761483035209,124.2337491286241,665.9196680335128,573.8540792867449,73.98485375555083,196.8234074683556,531.4122885563193,0,0.46,Correct,GSE89749
GSM2387697,Tumor,1,Cholangiocarcinoma,Tumor Tissue,,Low,description,cholangiocarcinoma,Resolved,373.5101541633395,152.00886006935036,64.82452409080629,603.8828410175174,248.40149511482943,317.56596511320134,71.54627892631343,20.430285970579348,210.9033970796756,43.569858595362525,41.4013813819723,1017.1389610667076,400.0743564812069,499.8423404888685,236.9405332175912,165.73059090021036,208.3758444689471,0,0.46,Incorrect,GSE89749
GSM2387698,Tumor,1,Cholangiocarcinoma,Tumor Tissue,,Low,description,cholangiocarcinoma,Resolved,111.21381390837593,171.93731099434024,58.35404923802934,287.514507627843,434.4213116525007,378.4297639598758,75.09348558809405,19.3924550217542,81.75559275993976,154.1857496752512,44.1869652123476,92.5258016127784,611.5017286150699,339.9899793176023,44.86553451882749,178.85184964934805,350.96874867044886,0,0.46,Incorrect,GSE89749
GSM2387699,Tumor,1,Cholangiocarcinoma,Tumor Tissue,,Low,description,cholangiocarcinoma,Resolved,112.05955788731814,156.66989225662348,68.71927352206949,266.38555905581507,244.7752999952993,414.7334490703898,89.52627130974656,16.881865539784865,98.17958624380783,63.59199658055527,42.5890250139581,261.64511568091564,476.31221941446864,486.5297561930657,163.53315743076038,203.5685514816732,264.75515586067905,0,0.46,Incorrect,GSE89749
GSM2387700,Tumor,1,Cholangiocarcinoma,Tumor Tissue,,Low,description,cholangiocarcinoma,Resolved,408.8263028115017,120.31342138113833,75.47475302485708,186.63013209682205,240.3825382219392,312.3555732403265,74.54521400946923,58.63218707470928,494.5163806733159,37.25487460784537,50.9237911019916,192.9449955857296,889.8552494707385,329.28072795648336,211.6173647397585,135.76922145677472,130.75380699219596,0,0.46,Incorrect,GSE89749
GSM2387701,Tumor,1,Cholangiocarcinoma,Tumor Tissue,,Low,description,cholangiocarcinoma,Resolved,120.52286419750315,185.4668521339934,60.71035379681063,248.43362054766777,282.361955723428,500.68326581891824,67.01039891691475,20.306637441339703,66.76768632634814,44.22469599515272,35.736881242345376,89.69015826329579,426.6605554130138,611.6007354066203,120.88212978472131,218.69651192415253,704.2605873187114,0,0.46,Incorrect,GSE89749
GSM2387702,Tumor,1,Cholangiocarcinoma,Tumor Tissue,,Low,description,cholangiocarcinoma,Resolved,106.20097147866528,163.2832185408176,72.61595001973315,187.8942081110098,292.5805166283822,498.0493665098852,95.83599815884853,19.231794556764008,70.50056066505772,208.18541938910124,35.67402751149057,78.8321423538879,311.21637068535733,195.1951025621088,60.67775600614419,174.9582827806988,794.5721473282115,0,0.46,Incorrect,GSE89749
GSM2387703,Tumor,1,Cholangiocarcinoma,Tumor Tissue,,Low,description,cholangiocarcinoma,Resolved,100.23747697417296,189.75331626778748,68.3478473557908,474.6773685382626,421.17390819918575,356.68160774240977,75.9908017803022,21.40604478572066,51.53496164919994,60.649204311407225,34.1059902411274,89.80457976239752,324.9358458594288,490.5392961343469,100.2433619013417,185.80880750820955,492.6632226945372,0,0.46,Incorrect,GSE89749
GSM2387704,Tumor,1,Cholangiocarcinoma,Tumor Tissue,,Low,description,cholangiocarcinoma,Resolved,108.1895535272055,139.48042163302836,60.24457549484653,291.68886756142695,399.2004299562336,968.5696450333132,66.50489299925128,16.85246127761436,91.66895551948636,209.8415094759144,28.730581522881145,121.90146298263124,861.3830827787938,370.9483380664977,66.75824790972422,351.0315868005729,1155.2566510272811,0,0.46,Incorrect,GSE89749
GSM2387705,Tumor,1,Cholangiocarcinoma,Tumor Tissue,,Low,description,cholangiocarcinoma,Resolved,110.2495294485312,163.67535661922116,71.85667526966395,180.13652369057397,366.41855886305393,399.8799402499717,74.89461699451314,20.88067359331399,134.8336940996171,46.44220739537238,60.69510894286481,110.32395217340355,1066.3837641400944,404.86467745156256,383.0060906311782,179.02922449555035,139.25095794183397,0,0.46,Incorrect,GSE89749
GSM2387706,Tumor,1,Cholangiocarcinoma,Tumor Tissue,,Low,description,cholangiocarcinoma,Resolved,112.53733469056296,182.6600017805673,65.90897541354244,227.3305305246563,297.76294412082416,296.021164993108,73.29444247800917,24.636563608494708,152.2128765807626,52.50109971433435,48.10108177382265,102.75727348938246,346.571393798258,502.79074837217,108.30785313907148,139.3944161232378,343.901884644658,0,0.46,Incorrect,GSE89749
GSM2387707,Tumor,1,Cholangiocarcinoma,Tumor Tissue,,Low,description,cholangiocarcinoma,Resolved,141.98688598918696,125.487249517093,65.73919239303791,176.63089456627617,256.3697773141821,611.152816982837,75.50864514164665,49.32184369341146,296.43668211702976,166.60197806326752,33.968806091237695,121.45310306146702,531.5821051157282,337.6492133187227,75.42125506811934,329.90970051740544,447.27892054059424,0,0.46,Incorrect,GSE89749
GSM2387708,Tumor,1,Cholangiocarcinoma,Tumor Tissue,,Low,description,cholangiocarcinoma,Resolved,113.08751630750812,184.98919623516085,62.855316348153785,279.55881376262386,281.86899660219615,429.9109654526507,83.49263750947244,21.55686039993768,100.37620123873695,49.04868054804636,43.301949735595024,128.42843184156715,668.4697559282508,692.9401886021578,359.6483346094781,208.11211946391148,176.7916023096209,0,0.46,Incorrect,GSE89749
GSM2387709,Tumor,1,Cholangiocarcinoma,Tumor Tissue,,Low,description,cholangiocarcinoma,Resolved,540.4215538999066,205.9040563470627,62.03201428751454,238.3352585792256,383.0208777160783,1013.4850716692888,70.60412954548678,22.409555402605736,83.89693538299221,36.74474702545776,57.966317841498345,103.58271968705505,385.5664255532935,430.51137394646014,175.72024588545813,305.37205348247,412.3034580997473,0,0.46,Incorrect,GSE89749
GSM2387710,Tumor,1,Cholangiocarcinoma,Tumor Tissue,,Low,description,cholangiocarcinoma,Resolved,527.1521885289454,150.1697604692881,75.20983433617461,303.7306910332619,388.5172018084184,314.8537396518309,69.44715025756616,18.64758623973971,100.38806561676188,39.11930277141644,51.81482290490086,99.1491743476018,305.4464388266442,833.3543153329385,99.973506260453,145.8408088170639,113.64520619605445,0,0.46,Incorrect,GSE89749
GSM2387711,Tumor,1,Cholangiocarcinoma,Tumor Tissue,,Low,description,cholangiocarcinoma,Resolved,113.08122090272052,172.29057733618515,65.28708355658496,182.88531139412217,385.4305220656668,453.8323075240974,82.904991015244,22.22936094868632,80.67579227131051,41.67153698573234,43.03788662814343,104.8216563188687,576.7065033364432,732.7006936130525,200.9050966283694,151.8791133682856,117.51760138357218,0,0.46,Incorrect,GSE89749
GSM2387712,Tumor,1,Cholangiocarcinoma,Tumor Tissue,,Low,description,cholangiocarcinoma,Resolved,1936.232116964942,168.1641092700664,76.36691065034454,161.4789819976911,425.776531247549,482.71690056539177,89.14575433071575,81.72865823739671,1958.9753504140056,99.47098361945164,86.22006761779288,1802.837927773927,671.921823403095,351.19146770912505,99.48314475405596,166.37653213176318,407.7100948208826,0,0.46,Incorrect,GSE89749
GSM2387713,Tumor,1,Cholangiocarcinoma,Tumor Tissue,,Low,description,cholangiocarcinoma,Resolved,129.0015337461357,112.07709125475871,75.94957371531578,263.9317503558618,313.33744410139275,774.9026386540862,78.59459097762648,32.96502771545524,186.5117277881716,47.9254844963526,62.61308592341124,162.2321048828099,773.086275046109,555.0579790306974,63.04774437782561,249.2591638967428,240.07378036883503,0,0.46,Incorrect,GSE89749
GSM2387714,Tumor,1,Cholangiocarcinoma,Tumor Tissue,,Low,description,cholangiocarcinoma,Resolved,126.07080071687002,190.1952101689861,65.77773372104767,181.9329745541881,200.15703811691463,344.7147338592187,85.2195928219119,16.515461040430978,60.64990149859384,224.3264514989609,51.66203204755519,94.40406136151016,542.0359587342812,479.7911459679236,39.64394086477992,114.60547638985476,304.33207554595293,0,0.46,Incorrect,GSE89749
GSM2387715,Tumor,1,Cholangiocarcinoma,Tumor Tissue,,Low,description,cholangiocarcinoma,Resolved,102.93449884468286,177.94175039707986,69.70262797671849,239.20750574651152,315.091898685421,490.9024699824839,69.5640069207474,27.174997048654685,54.53515025731657,237.4692036334028,47.80413735905925,100.99867377885236,394.1917059297491,158.61715800863277,46.39985132030504,138.9003704782118,280.96388923318585,0,0.46,Incorrect,GSE89749
GSM2387716,Tumor,1,Cholangiocarcinoma,Tumor Tissue,,Low,description,cholangiocarcinoma,Resolved,167.47518785149515,197.19056788007853,63.60453223514352,213.506981196286,283.6449386887845,245.1721674441988,69.03272582495833,25.10561767843453,91.50015454830516,47.24230831154494,51.45106351483295,91.53518649075116,669.7419819083011,253.5617722562758,35.346640830836684,114.54170824269994,134.07142513827648,0,0.46,Incorrect,GSE89749
GSM2387717,Tumor,1,Cholangiocarcinoma,Tumor Tissue,,Low,description,cholangiocarcinoma,Resolved,175.8379668098048,163.9208705073255,68.90728955544017,321.317018390038,327.0933851152955,584.1171589847602,84.77029608948706,21.02571830727145,62.89580694546132,521.9566175159746,55.32548820836337,84.11348990998962,468.7912371696886,423.5632267974326,72.41986629928076,156.20624763921467,350.33333455154064,0,0.46,Incorrect,GSE89749
GSM2387718,Tumor,1,Cholangiocarcinoma,Tumor Tissue,,Low,description,cholangiocarcinoma,Resolved,107.77240254427493,207.13924464795,61.881692519999554,225.1229766178827,195.4745531840366,324.00306129116063,91.652884312816,16.900760789202984,68.19129801865346,254.15403882636625,46.65617070312166,108.255614615808,463.3984528553734,247.75179503354545,48.33284051279988,202.1208535459368,417.6644621498834,0,0.46,Incorrect,GSE89749
GSM2387719,Tumor,1,Cholangiocarcinoma,Tumor Tissue,,Low,description,cholangiocarcinoma,Resolved,116.830739486534,178.61547533511418,64.42157662411964,258.1916313362316,398.8661202289035,408.4272208115533,66.08088442732615,17.375395090891583,59.360193876356846,295.7544445464735,45.14103441283427,118.4700870641215,378.3963665039871,287.2304356544419,39.98034490837559,166.17017812757837,441.08053145518255,0,0.46,Incorrect,GSE89749
GSM2387720,Tumor,1,Cholangiocarcinoma,Tumor Tissue,,Low,description,cholangiocarcinoma,Resolved,111.26976795628094,173.7412705445535,67.65504580826152,216.9036692113016,278.0999095906417,578.7284656533038,80.51852194721407,20.1266654340162,68.64735902639782,126.83437487032332,53.587752814243885,91.14130737622658,379.1300731784958,242.28643691405813,69.19123795726514,135.73422247370402,385.93014122723423,0,0.46,Incorrect,GSE89749
GSM2387721,Tumor,1,Cholangiocarcinoma,Tumor Tissue,,Low,description,cholangiocarcinoma,Resolved,1378.0044825481502,167.00837479870498,96.49108506993282,206.6974435731196,303.7185635803853,697.7810549700886,71.04951175888078,102.6506185908294,1561.8248869933618,48.62246781316627,73.71191705148237,1053.2875370171278,527.1174097113692,140.02565635157868,68.26576824438305,242.2620272053162,112.054250273569,0,0.46,Incorrect,GSE89749
GSM2387722,Tumor,1,Cholangiocarcinoma,Tumor Tissue,,Low,description,cholangiocarcinoma,Resolved,143.8962163969222,148.3084262359143,65.02252486931798,284.17983224426496,239.4884790529197,323.4747246362641,72.39491173395493,23.966109568428426,69.28338204596841,379.8422346289515,45.42395066116302,148.65469692259407,434.9328422506597,402.2569380115903,99.42360217460164,154.01433132746286,201.070019347724,0,0.46,Incorrect,GSE89749
GSM2387723,Tumor,1,Cholangiocarcinoma,Tumor Tissue,,Low,description,cholangiocarcinoma,Resolved,123.33608300406767,150.43984129489755,71.01884609308257,221.098620211695,340.7544229928914,795.3608458471894,68.1529790233299,18.619437211931825,59.88159421625414,313.45926394513697,44.64322313509189,101.83868459086769,392.4891935930069,200.3089279235041,49.37066167692192,256.7875851511826,431.9519755471485,0,0.46,Incorrect,GSE89749
GSM2387724,Tumor,1,Cholangiocarcinoma,Tumor Tissue,,Low,description,cholangiocarcinoma,Resolved,117.95606989756224,157.72378277820127,65.7565359906423,242.5948559521601,219.53966073868853,304.4385506312482,72.45816889125145,39.66759787484008,127.12049854398914,67.98135688640815,57.87160538021974,109.26293403716244,358.694519241101,384.6306129611498,43.57695653810181,153.20599481446197,253.43094159366527,0,0.46,Incorrect,GSE89749
GSM2387725,Tumor,1,Cholangiocarcinoma,Tumor Tissue,,Low,description,cholangiocarcinoma,Resolved,4279.842829221846,149.05305322143155,133.65541825377463,178.4565560130385,473.0631828188494,379.999935740427,69.22572263999298,132.82731067658298,4787.192996047189,46.79004816295726,123.01680197796956,2836.412021710485,267.1679759040573,166.43095552413985,36.60024042871328,160.9932685476927,203.49102278530225,0,0.46,Incorrect,GSE89749
GSM2387726,Tumor,1,Cholangiocarcinoma,Tumor Tissue,,Low,description,cholangiocarcinoma,Resolved,115.3045710027911,210.54580815300272,74.94732977463121,185.6970694531456,263.34014408214176,293.3069935403752,88.17557846387017,23.442327280278235,58.43734418971981,56.41785437930061,44.89373461679451,120.8020633247028,377.1401281752546,279.071411241859,51.81458246910319,112.66195486075232,231.2776065606204,0,0.46,Incorrect,GSE89749
GSM2387727,Tumor,1,Cholangiocarcinoma,Tumor Tissue,,Low,description,cholangiocarcinoma,Resolved,101.7901749982858,148.96551407070152,68.55027403405745,352.52457587223165,522.2799493076064,1411.3622223804043,75.62099000002944,19.496950899086176,78.72264568052195,964.114646026164,47.65323280859439,112.8298331756555,981.1989124797576,249.64492087450884,45.125566325925526,343.9606722528332,534.1553864365536,0,0.46,Incorrect,GSE89749
GSM2387728,Tumor,1,Cholangiocarcinoma,Tumor Tissue,,Low,description,cholangiocarcinoma,Resolved,119.58265851217436,154.03469949184034,62.03342252834566,157.4845544676798,360.7492603751055,338.33893640917563,72.14693706126414,22.557126474331007,77.83075704743742,64.1799188695996,38.810062340493126,126.23594828552656,326.5985615964877,238.9585377563521,58.64408404761618,121.87549315248698,375.924184323341,0,0.46,Incorrect,GSE89749
GSM2387729,Tumor,1,Cholangiocarcinoma,Tumor Tissue,,Low,description,cholangiocarcinoma,Resolved,727.7528879051905,193.260479827054,70.09838600337257,338.4975101858616,393.5026605273931,520.7386528000008,108.02007647751894,18.39136271714749,154.18833104400528,46.24031343227254,48.62572328496182,127.78654110266766,655.725297446421,752.9528399699934,82.68023805629835,249.98560278935824,275.70054228156283,0,0.46,Incorrect,GSE89749
GSM2387730,Tumor,1,Cholangiocarcinoma,Tumor Tissue,,Low,description,cholangiocarcinoma,Resolved,121.71621867826758,201.0519307028673,69.11815509041665,346.2182025153433,224.88127481259616,446.8634692063573,82.11617867448224,21.30393862039044,105.1537091970797,41.881765885602015,50.97864292049938,105.31632197438698,249.9462849387777,276.8231058798062,88.12683901330946,137.23833877015042,285.164279137321,0,0.46,Incorrect,GSE89749
GSM2387731,Tumor,1,Cholangiocarcinoma,Tumor Tissue,,Low,description,cholangiocarcinoma,Resolved,373.9195852338298,157.1982368999285,64.67568468206092,320.34253418173336,239.0340183737746,511.6323862195646,79.2155200726289,20.23071959596487,64.73251212557396,139.1002798757486,52.92312747668666,110.74924776607976,457.8699460334676,323.9351811963025,100.99191036342069,230.53596791730888,498.0721853817434,0,0.46,Incorrect,GSE89749
GSM2387732,Tumor,1,Cholangiocarcinoma,Tumor Tissue,,Low,description,cholangiocarcinoma,Resolved,97.17440258878918,130.98509690030585,68.90429307307018,153.23190059401827,402.9403297768108,313.8121477750966,65.78950086284733,53.09688953830836,59.05061175850365,234.3089372543308,55.60391703190198,82.71691014238746,611.1779499211144,378.5468246167069,35.905252615371985,171.8720724535245,179.91178821161208,0,0.46,Incorrect,GSE89749
GSM2387733,Tumor,1,Cholangiocarcinoma,Tumor Tissue,,Low,description,cholangiocarcinoma,Resolved,99.5122800406763,151.5918440795493,78.05713847255717,182.60433910457783,396.9279474979868,725.0655566136346,68.01197363711333,45.64680348241772,213.64136872460503,53.32374913789557,48.86870939500309,1285.2360297377604,573.6103048772646,193.6857985266092,135.648505004256,335.61201483114843,358.4767716416531,0,0.46,Incorrect,GSE89749
GSM2387734,Tumor,1,Cholangiocarcinoma,Tumor Tissue,,Low,description,cholangiocarcinoma,Resolved,111.30113775921264,138.88664808274785,78.52936503516905,132.80484402608005,492.3079272991962,365.19069822350383,61.70137383188949,23.42387692405193,64.71264106848669,45.5493029959427,38.03359389680025,104.84092824017728,588.6859699555738,360.9687432017514,34.20763417867059,120.9243327893712,191.2114180037872,0,0.46,Incorrect,GSE89749
GSM2387735,Tumor,1,Cholangiocarcinoma,Tumor Tissue,,Low,description,cholangiocarcinoma,Resolved,115.0331793190295,131.87745203344056,66.14739164507974,198.71529258136047,384.1394812868504,316.6272675297549,68.61944082981488,18.714755578278343,62.92267585425792,583.2634644465893,38.26675631916488,103.2310587707417,439.09354224183056,191.39836643656483,41.12685549367664,154.0659898264752,417.9958608707093,0,0.46,Incorrect,GSE89749
GSM2387736,Tumor,1,Cholangiocarcinoma,Tumor Tissue,,Low,description,cholangiocarcinoma,Resolved,100.3686388992238,151.06163359288948,65.34868615173903,155.7873477574667,285.4337732769088,371.20891976070266,79.5619090617993,27.259297952886737,112.85333531436775,43.40750109558365,39.363430319840845,104.39671488094856,538.7505538979952,317.26540362273414,42.525594164585655,184.54786414613835,223.3195742330608,0,0.46,Incorrect,GSE89749
GSM2387737,Tumor,1,Cholangiocarcinoma,Tumor Tissue,,Low,description,cholangiocarcinoma,Resolved,116.15475699484374,132.55596596941888,61.72338719168253,187.5957573577784,500.7885073720848,376.38282429553215,66.41111913373547,18.9141916627438,58.31645541338904,45.7299502332978,37.33319822402429,95.71185158047996,384.5352795528278,403.0861207480971,343.53720107146927,178.02363371396302,252.36382409658933,0,0.46,Incorrect,GSE89749
GSM2387738,Tumor,1,Cholangiocarcinoma,Tumor Tissue,,Low,description,cholangiocarcinoma,Resolved,2791.7194219055978,156.5610513942593,76.96796477831212,152.98085718065036,359.52536804178914,365.0625060425046,75.21532269567604,57.079573391442686,2295.9563666450467,81.97751229944676,90.12363078866636,2897.955264443749,433.5897645208841,200.27040898934527,60.59815066753987,166.46556954469506,226.15420200423304,0,0.46,Incorrect,GSE89749
GSM2387739,Tumor,1,Cholangiocarcinoma,Tumor Tissue,,Low,description,cholangiocarcinoma,Resolved,165.33046138347945,106.74284723637383,66.80595070503112,214.2818996582461,1056.2569223013988,695.925065708182,74.8111715782712,25.1415300924396,53.863434641819445,152.93032559485823,52.9846806485868,185.3716912564806,356.0999189646363,701.2722063344244,36.5189332146776,189.5265394859116,865.5509301917772,0,0.46,Incorrect,GSE89749
GSM2387740,Tumor,1,Cholangiocarcinoma,Tumor Tissue,,Low,description,cholangiocarcinoma,Resolved,104.76266295078966,150.64601698560455,64.87957254254331,293.970285934604,261.3181700912408,367.9255458344624,58.62966177520256,23.34690404625079,99.54683148386768,43.965706242575806,38.48284270029269,141.8333811920329,703.0592120830813,385.0915486091602,120.13777835961396,161.23980138444273,145.03027628691805,0,0.46,Incorrect,GSE89749
GSM2387741,Tumor,1,Cholangiocarcinoma,Tumor Tissue,,Low,description,cholangiocarcinoma,Resolved,356.19074504571336,144.12627829434896,67.393271837826,280.71107549541654,408.88627986021993,1199.5184404315894,82.58042592912112,30.97657759463488,370.8063689188917,72.00044572558107,82.7484190829703,431.2698971246308,272.14462120781087,264.45039877232347,66.34979780620165,160.7467357109427,260.9700544699732,0,0.46,Incorrect,GSE89749
GSM2387742,Tumor,1,Cholangiocarcinoma,Tumor Tissue,,Low,description,cholangiocarcinoma,Resolved,115.0164068902159,179.45044023639372,64.6987035960975,1112.7387415359128,382.36425545034734,1203.9436247897286,92.54504546939906,19.99426522013184,104.44305426663963,406.6026830333491,50.912324341742455,174.7297835305064,359.2410898818386,188.36296806093227,120.26106055549428,226.24285265792457,760.7401277232474,0,0.46,Incorrect,GSE89749
GSM2387743,Tumor,1,Cholangiocarcinoma,Tumor Tissue,,Low,description,cholangiocarcinoma,Resolved,611.3145514139544,175.95307235473996,63.69027610168831,402.3105430986976,297.65031379490523,352.58724191588175,74.06075092884949,49.02862730191978,827.3843651595905,275.63208115552897,53.634016972478506,597.2250450377009,418.4081668752096,406.203267394252,117.03317015404508,168.84032054400822,348.67641659194953,0,0.46,Incorrect,GSE89749
GSM2387744,Tumor,1,Cholangiocarcinoma,Tumor Tissue,,Low,description,cholangiocarcinoma,Resolved,744.0089709878956,111.72967122209224,64.85824775281485,148.58478413235136,812.404566998475,588.3710961030066,119.75435266811502,110.97387109182868,2477.552394606441,70.26907613917885,59.85748940847535,967.0461318545928,363.9811409499025,189.9156533812537,73.57963214200642,255.2375501889475,493.5770843576956,0,0.46,Incorrect,GSE89749
GSM2387745,Tumor,1,Cholangiocarcinoma,Tumor Tissue,,Low,description,cholangiocarcinoma,Resolved,183.47103023507444,130.816035943665,66.85298383113535,669.0643418646447,488.0036224113751,1999.310187432998,114.2527075175393,27.04917172058366,138.60905285784114,38.637290138288506,61.474848639806254,374.7655387476053,169.32193957163295,311.29063829706416,1301.4990366704696,580.1611092207114,581.6698387795984,0,0.46,Incorrect,GSE89749
GSM2387746,Tumor,1,Cholangiocarcinoma,Tumor Tissue,,Low,description,cholangiocarcinoma,Resolved,94.95148137274307,158.12525007337888,72.47471299382046,358.6534111356413,281.11048776182633,686.971802698616,102.81845256252296,20.835577312706445,74.2334350037673,533.7820962159009,55.358597858087066,320.0014083031396,399.3473209130034,135.7907008725281,39.62167812031624,274.3294954540143,640.6121384066695,0,0.46,Incorrect,GSE89749
GSM2387747,Tumor,1,Cholangiocarcinoma,Tumor Tissue,,Low,description,cholangiocarcinoma,Resolved,110.98526467520024,151.79724233552514,57.33941701334163,187.941735166378,280.146236084444,490.1885344013966,108.80031547026245,17.91425608043581,71.3341220265346,76.08368118060102,37.58488120157919,128.281826529009,441.9776455281304,424.6911402028,70.2903543096868,250.02298170327776,384.2879739525464,0,0.46,Incorrect,GSE89749
GSM2387748,Tumor,1,Cholangiocarcinoma,Tumor Tissue,,Low,description,cholangiocarcinoma,Resolved,431.1697819299074,131.6757543667851,64.7643932661449,196.3768896279435,319.3616445066247,378.8739364883478,78.22814237567596,17.593840825881614,64.79721916452677,132.22074676463072,56.814528932144384,87.84775668361445,326.8560893036871,238.3877433730485,63.91962115707025,115.6959607047784,749.8709909966326,0,0.46,Incorrect,GSE89749
GSM2387749,Tumor,1,Cholangiocarcinoma,Tumor Tissue,,Low,description,cholangiocarcinoma,Resolved,189.15496894205387,145.55193810437356,73.04380111374918,184.64046040861285,1806.254204782165,1315.240708780516,167.03384001052078,28.00691871707346,95.0609598835632,440.6773771521254,135.8569921949575,130.8275056719725,402.7731640389233,525.072546259785,100.066947984678,331.5573126444417,775.5778038451338,0,0.46,Incorrect,GSE89749
GSM2387750,Tumor,1,Cholangiocarcinoma,Tumor Tissue,,Low,description,cholangiocarcinoma,Resolved,113.62530623960372,159.41299296209343,85.36876722087021,330.8461331336044,330.6927208566256,869.7208245389952,84.08787412745555,17.83953944667887,80.20278012226824,740.7265597650895,43.36732019694606,128.3848412936762,517.7987943554593,154.98976843977502,114.4330365682063,252.39199286936733,1004.3563880218962,0,0.46,Incorrect,GSE89749
GSM2387751,Tumor,1,Cholangiocarcinoma,Tumor Tissue,,Low,description,cholangiocarcinoma,Resolved,409.8805916473361,163.94310514063707,60.16541753654956,287.80625431281084,386.1003949579765,547.169593982206,80.15170578479118,20.765236521271863,84.05479555048575,296.4354942915823,108.7847654812171,158.06503148439086,763.6089333677627,507.1202917664625,86.3210062046687,199.99375535083192,264.58276195865625,0,0.46,Incorrect,GSE89749
GSM2387752,Tumor,1,Cholangiocarcinoma,Tumor Tissue,,Low,description,cholangiocarcinoma,Resolved,266.4075506744664,142.879599508135,65.00313773426691,292.87500878205134,483.5988634490857,1139.299251223716,76.48793650820724,23.935987121533984,66.37732697607363,659.4247002088757,72.34062158878774,109.39802932014884,429.71408179565344,288.6077724539774,150.49702223309214,255.05457550545387,366.1417570291353,0,0.46,Incorrect,GSE89749
GSM2387753,Tumor,1,Cholangiocarcinoma,Tumor Tissue,,Low,description,cholangiocarcinoma,Resolved,129.90219019749497,160.10086721223507,60.47256227361195,579.5718543304113,489.4984363394693,456.3236629658333,87.35205003649219,33.00919925378551,106.07081851398968,743.0786023461477,45.57751589712292,121.0725342631908,491.4502248310101,232.7243204382713,58.4013016012586,175.00280148716473,323.4619740410643,0,0.46,Incorrect,GSE89749
GSM2387754,Tumor,1,Cholangiocarcinoma,Tumor Tissue,,Low,description,cholangiocarcinoma,Resolved,109.14380516433526,176.01682200269613,67.8342629835069,186.43379866910465,429.1232097712771,293.3069935403752,61.357897759462695,19.38560048879173,51.4356560946894,51.26569715343303,45.5589605941743,78.76582687581681,453.8846501304964,317.9942244025865,60.049906947963,122.03769243962984,248.46775216868843,0,0.46,Incorrect,GSE89749
GSM2387755,Tumor,1,Cholangiocarcinoma,Tumor Tissue,,Low,description,cholangiocarcinoma,Resolved,185.5235466378319,138.1450064465983,87.00333247128411,236.9291999764568,440.4798920618287,892.9888000105101,94.26697439237871,24.08078396642744,296.43668211702976,210.0843123689552,96.62721979646358,1712.897376184409,726.2478625812287,207.819436316404,523.2304794911377,278.28872041490416,598.7900131900487,0,0.46,Incorrect,GSE89749
GSM2387756,Tumor,1,Cholangiocarcinoma,Tumor Tissue,,Low,description,cholangiocarcinoma,Resolved,117.55117274390189,86.79519367352403,70.33365751666291,294.1597955785532,659.2061943711983,633.3704436164865,143.33537855385526,20.440556647693267,56.54140947691619,91.03072623516285,55.968669215065056,108.76663041589742,194.66892299769333,532.6178508496172,181.42235876359783,142.7284192505527,823.8919702435475,0,0.46,Incorrect,GSE89749
GSM2387757,Tumor,1,Cholangiocarcinoma,Tumor Tissue,,Low,description,cholangiocarcinoma,Resolved,140.21453807540587,152.61588110745004,66.19124828810624,328.6167910049744,354.9492462465833,270.1450745981122,74.37696320323754,17.84471927455501,66.67051920164927,167.35730593747007,45.20048286337266,162.83520091947332,275.32524366747384,273.4836586392754,34.14757965294828,98.83756654172429,440.4892937464461,0,0.46,Incorrect,GSE89749
GSM2387758,Tumor,1,Cholangiocarcinoma,Tumor Tissue,,Low,description,cholangiocarcinoma,Resolved,97.43148792687784,102.36965248397014,71.59933778726032,192.95206846932209,446.8459228202869,1466.0156330428415,72.36452367190097,17.40390321106143,81.53457431661286,261.0928295091481,79.9156825445402,158.8810630681317,437.0801333474466,176.6316353955963,181.20406671978887,595.5171230368794,1313.3779416268303,0,0.46,Incorrect,GSE89749
GSM2387759,Tumor,1,Cholangiocarcinoma,Tumor Tissue,,Low,description,cholangiocarcinoma,Resolved,100.88002182924215,123.2180263776621,66.38503493240145,213.16148224970527,267.47398144965314,635.9262600221026,82.46237469440464,21.49601490033985,56.11836980393825,625.5984048770847,38.24354481659996,105.04313584943591,684.1213215112261,146.15092662511557,63.61388315613857,163.31986094630057,482.9801923232178,0,0.46,Incorrect,GSE89749
GSM2387760,Tumor,1,Cholangiocarcinoma,Tumor Tissue,,Low,description,cholangiocarcinoma,Resolved,112.61271105786126,153.28649630655968,62.5793329100839,354.3193507187799,551.6691228090752,507.57694022028494,110.73212142297076,24.61378825488226,86.7205863087485,195.2115454434872,47.52998250979531,108.68656192813292,367.7043083827052,192.12665539681345,49.85041528767641,133.26777413874564,466.0199304660261,0,0.46,Incorrect,GSE89749
GSM2387761,Tumor,1,Cholangiocarcinoma,Tumor Tissue,,Low,description,cholangiocarcinoma,Resolved,651.3372427119323,191.0674919373619,54.28086616401328,293.32537851075426,327.6166058026328,665.0966705447522,85.52140591479449,35.94536720742874,759.1130397067282,174.15737735457722,78.63602188452917,841.2326547664502,791.6712870982286,191.0146965795592,349.3805373255108,254.75554419409784,442.1533222926059,0,0.46,Incorrect,GSE89749
GSM2387762,Tumor,1,Cholangiocarcinoma,Tumor Tissue,,Low,description,cholangiocarcinoma,Resolved,112.09892331384862,149.2794422151491,65.28340942449174,172.38470532986872,215.6713730903151,688.523244312304,81.3788983119481,17.09672988458078,52.254767069996966,284.1123933596304,40.32369951320681,100.46170138643384,331.9484437961153,165.71216334252998,53.50488145781125,223.37251605833032,914.4422644148656,0,0.46,Incorrect,GSE89749
GSM2387763,Tumor,1,Cholangiocarcinoma,Tumor Tissue,,Low,description,cholangiocarcinoma,Resolved,125.77937402225164,179.63204898959566,72.8545568402551,378.81338241258106,558.8437999138768,524.1657868381396,69.22230432759984,24.79416702169543,66.1336099173038,747.1153035252088,93.92101473801208,108.4589732280238,517.7987943554593,234.80882536236288,84.13513400431319,226.59816233405832,962.7344938972692,0,0.46,Incorrect,GSE89749
GSM2387764,Tumor,1,Cholangiocarcinoma,Tumor Tissue,,Low,description,cholangiocarcinoma,Resolved,119.03491234379668,138.097738414943,59.64582961124875,272.7204247028233,576.5403698347718,821.9776292045055,72.53504416404961,25.590392367088025,83.39181126468483,359.5458094842622,49.65718567118197,128.6837921771302,382.74696298671057,310.394826161628,225.2039574787029,249.98560278935824,427.6617955764486,0,0.46,Incorrect,GSE89749
GSM2387765,Tumor,1,Cholangiocarcinoma,Tumor Tissue,,Low,description,cholangiocarcinoma,Resolved,112.80215525837846,194.30752892299745,64.10404478739308,568.5351622360856,585.8763315720719,1003.4972710016772,74.26264270731572,22.27716472214692,71.63911469037336,2726.295224486332,51.08933935061011,116.13285750799204,663.1952112222433,196.5048982719655,150.69788043101906,180.77007391348693,486.5024289444944,0,0.46,Incorrect,GSE89749
GSM2387766,Tumor,1,Cholangiocarcinoma,Tumor Tissue,,Low,description,cholangiocarcinoma,Resolved,152.70380935773994,157.39010779158193,71.33473674688564,287.02690637717654,351.93025213689594,1281.7353592491593,117.68471153826438,22.54594376617387,97.83054618849924,201.60405906900053,56.37477123064169,157.29400706756522,514.0379006663096,368.65893064649646,67.00610369747605,219.29667448584888,362.8767874814786,0,0.46,Incorrect,GSE89749
GSM2387767,Tumor,1,Cholangiocarcinoma,Tumor Tissue,,Low,description,cholangiocarcinoma,Resolved,122.59529307282467,169.0547384980979,68.59648127456146,538.8867794871794,323.2831137238343,706.9369443302664,110.713927179588,20.26442025524491,59.60423773835372,483.96132229144695,58.91666903184363,102.78173968044648,493.6880359392155,291.4682781541987,330.27972982515547,255.86823186388148,623.8272205884813,0,0.46,Incorrect,GSE89749
GSM2387768,Tumor,1,Cholangiocarcinoma,Tumor Tissue,,Low,description,cholangiocarcinoma,Resolved,134.76241118364536,138.58954362588287,65.54708928477388,343.88470789761925,492.9253348727551,585.6919524947972,84.09504155666696,22.08271779704683,115.97814251825412,99.02154497949486,37.97661253710334,179.58878678356572,376.47451279268967,281.96397806676464,104.32306632288554,268.4435064771163,671.4651248174855,0,0.46,Incorrect,GSE89749
