sample_id,phenotype,final_label,disease,tissue,subtype,confidence,matched_column,matched_keyword,annotation_status,OTC,USH2A,OSBPL3,RAD51,POLQ,MCF2L2,ITIH4,ITIH1,CDH3,DGAT2,PON1,SPA17,DEPDC1B,MCM10,MTHFD2
GSM798481,Tumor,1,Cholangiocarcinoma,Liver,Inflammation,0.95,source_name_ch1,cholangiocarcinoma,Resolved,199.41067196243463,104.78093433506189,151.82763137889833,2978.8522058684453,255.3358837849817,280.0528656822446,103.91669560432052,129.38702669536607,73.58292854262814,57.72333470983636,693.9692097847341,124.99679256502868,46.74620432473869,188.16485085109167,943.7525069494684
GSM798482,Tumor,1,Cholangiocarcinoma,Liver,Proliferation,0.95,source_name_ch1,cholangiocarcinoma,Resolved,454.3235713950189,100.4759638202779,170.6476727429897,2571.7018664755874,250.4722077336554,187.58757857661763,60.36087365781015,146.76260546049176,111.6302378958898,51.69656263239635,668.067712868324,181.29975244651425,49.64826633945623,243.8581958670921,663.4516009428316
GSM798483,Tumor,1,Cholangiocarcinoma,Liver,Proliferation,0.95,source_name_ch1,cholangiocarcinoma,Resolved,582.3418460870694,146.89523308736602,161.77674570364098,3460.6820936056083,318.6797557019707,271.5577751479483,64.83873771112708,127.61675002572672,65.48287235260716,75.54136175740723,949.2902973274302,169.44901586537557,53.37472935810643,306.1902109901124,841.09842330111
GSM798484,Tumor,1,Cholangiocarcinoma,Liver,Proliferation,0.95,source_name_ch1,cholangiocarcinoma,Resolved,138.77787267881442,189.45680988065857,241.93270003810773,3134.069139554966,261.52448805541053,228.6503813063169,75.28147545562814,228.3983095350806,140.59345287338843,79.35020154627806,690.7144636811784,191.28219314313685,45.39180361361058,287.4919956048432,427.807276362176
GSM798485,Tumor,1,Cholangiocarcinoma,Liver,Proliferation,0.95,source_name_ch1,cholangiocarcinoma,Resolved,904.9950269856744,105.14724869300636,165.25176704513518,4291.485029316802,286.5450442673263,246.58098027024093,28.4472747578289,131.54405509183022,93.10724979430267,68.81396065117423,475.155377718214,127.10872748851192,102.74987900940508,240.5659150274958,410.2636947369703
GSM798486,Tumor,1,Cholangiocarcinoma,Liver,Inflammation,0.95,source_name_ch1,cholangiocarcinoma,Resolved,835.9003677572898,100.40059032391974,178.32450861419304,4167.09359228725,286.47270009243704,231.864237543454,41.89980440345074,151.55200415425014,57.215414364964616,63.427671367361874,617.5996053397303,159.6724812802666,49.17611665278344,255.5692905699099,735.9922690790756
GSM798487,Tumor,1,Cholangiocarcinoma,Liver,Inflammation,0.95,source_name_ch1,cholangiocarcinoma,Resolved,1982.937424865048,161.0348693412838,149.03495309815293,4488.576338848548,252.1995713449865,232.0586213479312,119.00182684899322,407.2507103796134,77.65836279135226,60.57870995885512,833.824317198216,130.62839776929155,42.58698778954472,197.1029380463244,598.4862024104415
GSM798488,Tumor,1,Cholangiocarcinoma,Liver,Inflammation,0.95,source_name_ch1,cholangiocarcinoma,Resolved,150.36321293431064,91.58094822630676,197.0659705167281,4513.606922868227,314.0435195803673,393.651186506704,103.45802619948594,254.3241297211973,69.35041018786592,83.56112095022115,506.3458446340275,162.77172279909212,48.604517298764,165.47246612027547,537.4792929887196
GSM798489,Tumor,1,Cholangiocarcinoma,Liver,Inflammation,0.95,source_name_ch1,cholangiocarcinoma,Resolved,879.4676721694822,132.25845277286425,134.85015181908418,4459.949558053537,237.56512238303748,261.21207093149,62.640862922789054,150.70785408404063,134.5039232117932,52.5264978985896,739.3760990727858,110.88777861165444,51.80735009809669,217.3124601991139,726.7971843294129
GSM798490,Tumor,1,Cholangiocarcinoma,Liver,Inflammation,0.95,source_name_ch1,cholangiocarcinoma,Resolved,741.7536921571058,138.78685471222602,189.1729122824331,4267.923764303429,316.3582135477423,222.93484472242332,54.0147697829919,122.87272867048384,97.7832610633495,61.05503371924232,597.6644342188943,166.2770158106122,42.97435576587946,204.7883258199502,849.1303505084718
GSM798491,Tumor,1,Cholangiocarcinoma,Liver,Inflammation,0.95,source_name_ch1,cholangiocarcinoma,Resolved,146.75798441553664,221.49385361058967,150.12613550158264,6993.238505335763,288.2027474691059,307.23014632621084,82.16802582399198,179.49460101138675,62.16309059883851,58.69308502762148,618.7987129898557,205.7499879350597,46.99523200823131,186.84109537408725,1342.9416727903813
GSM798492,Tumor,1,Cholangiocarcinoma,Liver,Inflammation,0.95,source_name_ch1,cholangiocarcinoma,Resolved,183.653859359033,113.47633472417364,175.3223842270688,3824.9858443561616,289.07022882290653,260.69507488967963,46.23766012441008,87.01485968465218,218.23548822824137,70.4135779749394,597.1767291799772,140.4780641272342,44.490914733281386,220.1519724943381,996.1418049744912
GSM798493,Tumor,1,Cholangiocarcinoma,Liver,Inflammation,0.95,source_name_ch1,cholangiocarcinoma,Resolved,447.827222800861,127.43678037942112,178.3975895426182,2851.8784867312365,253.6722852023697,206.64184032023465,62.97604141768621,117.85909642904215,62.656420250071335,57.8060408278186,482.9696901139724,174.9777826303891,57.59123393979682,258.47841850238444,552.6693955000954
GSM798494,Tumor,1,Cholangiocarcinoma,Liver,Inflammation,0.95,source_name_ch1,cholangiocarcinoma,Resolved,145.12026986005222,103.89241335916736,140.23721928037276,4537.4961211925465,276.44475727175245,281.8953323865363,30.56626299525708,132.07290285100652,68.06352982048699,51.35747489533807,667.5548355422981,145.4556979049117,42.41687809914007,120.38649795668238,993.4153950357776
GSM798495,Tumor,1,Cholangiocarcinoma,Liver,Inflammation,0.95,source_name_ch1,cholangiocarcinoma,Resolved,837.8319217097894,121.6900842430302,144.28135161049835,2875.7810467008976,272.5483612817549,184.20205671268025,62.23808541786423,141.61033043114557,127.65710145831682,67.3061460610447,782.3231977963609,124.67792173497055,42.10684172816061,213.4514780836832,962.9205681139832
GSM798496,Tumor,1,Cholangiocarcinoma,Liver,Inflammation,0.95,source_name_ch1,cholangiocarcinoma,Resolved,957.4907291940634,165.14719303978364,162.73052080564858,4725.820896757959,260.11660563001305,210.1308364300045,92.06683530905022,217.7821686553956,67.03525085064524,62.68261072746898,940.0405431724298,145.29286229601027,45.22369946118037,204.86682685902656,1164.4658024082903
GSM798497,Tumor,1,Cholangiocarcinoma,Liver,Inflammation,0.95,source_name_ch1,cholangiocarcinoma,Resolved,181.6629348378549,115.79627066937036,176.43377197395176,3269.901108481934,265.19935919968015,195.5486750512782,28.74361569776288,87.14279185201153,85.48591785451131,52.061465074794384,357.4041969080822,148.9973070389289,51.54435490616898,212.95366178821703,645.8051935791227
GSM798498,Tumor,1,Cholangiocarcinoma,Liver,Proliferation,0.95,source_name_ch1,cholangiocarcinoma,Resolved,772.6147357036305,125.99443492008297,253.2062534485364,2633.23613967562,425.7867332804391,202.78943110667544,85.48697336536601,251.1241444187872,61.45105986430416,67.00239421294674,919.5191864618386,227.3658582956507,71.410592965548,260.7271488033508,947.5315499691288
GSM798499,Tumor,1,Cholangiocarcinoma,Liver,Proliferation,0.95,source_name_ch1,cholangiocarcinoma,Resolved,845.6539002764976,220.3708516421601,161.59437589239246,2554.1301282008144,262.3613579920847,209.5420900110625,84.13297382639297,334.99938603727645,84.66647281653513,50.701863225571145,1219.3401173305228,150.94836788880264,51.61447673994761,322.111281148022,855.0095809157458
GSM798500,Tumor,1,Cholangiocarcinoma,Liver,Proliferation,0.95,source_name_ch1,cholangiocarcinoma,Resolved,395.8822093647761,161.1773287837676,172.70370800293944,2768.2831558090675,303.47564905048483,231.35114692355288,27.431348328682542,168.1044968090765,61.42447930916404,59.36889368299917,974.4580170205312,163.826990254748,55.83511757075544,188.42900889572425,838.7907119315969
GSM798501,Tumor,1,Cholangiocarcinoma,Liver,Proliferation,0.95,source_name_ch1,cholangiocarcinoma,Resolved,366.1036929909474,136.38688293469244,277.0589359027187,2918.187248978234,276.976607170805,229.4799227473527,48.299357428552895,181.7405424066092,117.2363719727989,62.80689978568354,463.08535731811,200.6847973823732,44.89186576024036,179.12112258536249,763.8627448406887
GSM798502,Tumor,1,Cholangiocarcinoma,Liver,Proliferation,0.95,source_name_ch1,cholangiocarcinoma,Resolved,402.9476882847711,108.29301952056572,194.80847872375256,2513.190865188876,270.1436939172406,282.81920188239013,54.060970224945365,164.6444323338933,66.81194181374914,65.0333437858541,559.1623617941414,154.5687557721219,166.72612991436566,241.84685148864813,743.7016745277863
GSM798503,Tumor,1,Cholangiocarcinoma,Liver,Proliferation,0.95,source_name_ch1,cholangiocarcinoma,Resolved,160.1772743154086,168.49940816140634,220.61921480419625,3997.0553278161447,325.97111484415245,260.9287181957721,38.11319181223792,252.65381079163896,66.27726675284764,57.409177149109695,158.90432114878416,355.42851409697,46.59284800677128,249.05799324195075,851.434870434928
GSM798504,Tumor,1,Cholangiocarcinoma,Liver,Inflammation,0.95,source_name_ch1,cholangiocarcinoma,Resolved,150.21736356949654,191.821050670644,198.21729224337776,3100.335656807785,300.14058886391206,204.1645554214805,74.80831613376083,141.75058265389902,78.50370362376223,63.25867713391005,748.4285198209221,157.59927926006822,43.549639454213455,271.80370410332466,604.6479722776022
GSM798505,Tumor,1,Cholangiocarcinoma,Liver,Proliferation,0.95,source_name_ch1,cholangiocarcinoma,Resolved,306.1310057592591,119.09900391408424,185.49723303004492,2581.871751024742,332.42435277721404,187.4852478114147,46.79130666251302,178.67701720176794,207.11917975967327,62.07106532094296,316.56923243757456,130.68058617897512,42.848609392738446,391.9662259050464,502.8980546293931
GSM798506,Tumor,1,Cholangiocarcinoma,Liver,Proliferation,0.95,source_name_ch1,cholangiocarcinoma,Resolved,303.6012967545672,151.74161724856066,204.03158962346475,3425.8290313969137,283.7913832983737,216.4673713021595,29.042131996980988,122.33881148281442,95.52057701542806,52.58617692532434,502.1925304430101,165.26199226381934,66.43168596394824,291.021035745169,400.59175574603
GSM798507,Tumor,1,Cholangiocarcinoma,Liver,Inflammation,0.95,source_name_ch1,cholangiocarcinoma,Resolved,179.16184771488088,224.7945948827655,191.8154982068777,5275.242886041893,254.23621817451647,264.9956617978056,79.08608435778693,160.56344158525656,63.32160646050576,73.720153957955,392.69504501212185,208.5181427930105,65.19101554600847,217.48497844642932,738.7149867322468
GSM798508,Tumor,1,Cholangiocarcinoma,Liver,Inflammation,0.95,source_name_ch1,cholangiocarcinoma,Resolved,155.30398048467413,363.11315592045344,290.990210868852,5098.619346661208,339.93629636479795,361.3870121817001,35.451191353626655,94.27677358764278,72.6601517887195,56.654022483980334,150.83399308359955,306.7908774621061,43.606452350003394,354.0314869755721,808.9135279574069
GSM798509,Tumor,1,Cholangiocarcinoma,Liver,Inflammation,0.95,source_name_ch1,cholangiocarcinoma,Resolved,711.8563315605816,134.85690296608163,182.12217844473827,4259.793810134815,264.1367654544158,220.3722452705351,35.92917376258644,219.88859313512543,61.36448207812886,75.08745412339677,394.9828419425303,224.0210604849097,55.610115295012,279.10036111189874,619.3143409043201
GSM798510,Tumor,1,Cholangiocarcinoma,Liver,Inflammation,0.95,source_name_ch1,cholangiocarcinoma,Resolved,1196.9880755185302,264.41401531967085,131.97292075195966,5824.777722317397,234.8256876569145,305.090597767437,142.3895270652845,136.1715813980414,62.33163804088211,58.90856739343021,777.6843293187472,135.5293352180059,43.94986040889729,241.8033061738994,1706.3117232487562
GSM798511,Tumor,1,Cholangiocarcinoma,Liver,Inflammation,0.95,source_name_ch1,cholangiocarcinoma,Resolved,884.8868528031753,139.1226204088809,222.46268608716264,4989.891987429147,229.8353531333563,296.2807939622491,33.74840104987883,335.2136505235633,66.6039022632071,90.85744963522546,147.62409005525532,174.1191599503899,43.918083060025154,306.1802473396159,159.5104218284713
GSM798512,Tumor,1,Cholangiocarcinoma,Liver,Inflammation,0.95,source_name_ch1,cholangiocarcinoma,Resolved,209.83937944598372,235.61596711325743,333.1221846607056,4409.186212452392,342.47286715908865,417.4797860566596,27.62139849194683,500.82149060273406,84.48216580563624,124.99169027666002,579.2862996134213,259.09731209763896,42.077717962831976,328.4751265003408,196.6877445726766
GSM798513,Tumor,1,Cholangiocarcinoma,Liver,Inflammation,0.95,source_name_ch1,cholangiocarcinoma,Resolved,1444.309418462213,126.61261145654994,201.0641968591347,6426.393249257246,319.60870873366986,321.4960108916405,67.74820091915348,371.28256690208826,58.20651396215184,96.5154206214224,466.21263515648,122.145567021021,56.95665117394688,322.0615271536724,1019.7794900826672
GSM798514,Tumor,1,Cholangiocarcinoma,Liver,Inflammation,0.95,source_name_ch1,cholangiocarcinoma,Resolved,142.59159803478707,116.45032589984858,156.55419272550503,5047.222021250156,239.505108270162,228.27621972352392,94.7657175721534,156.97631175275166,70.05502559717002,64.2249703475792,433.3306120913602,161.4621526560592,54.7343288144038,198.4786103148362,214.5530027044661
GSM798515,Tumor,1,Cholangiocarcinoma,Liver,Inflammation,0.95,source_name_ch1,cholangiocarcinoma,Resolved,144.59868407012047,175.0414098954171,142.1735870415342,5847.29358809997,285.7795241039552,227.50978354541945,85.56548261824892,128.64195363054074,136.9893841565487,56.395989353590494,615.6452771336392,123.24218383386231,42.52951424323842,211.70296094853947,1963.892773895904
GSM798516,Tumor,1,Cholangiocarcinoma,Liver,Inflammation,0.95,source_name_ch1,cholangiocarcinoma,Resolved,168.66615145699606,118.96333685124834,239.017008329933,5455.461653469669,243.2503669436557,353.62742724419707,33.01146099543845,320.44915544336226,96.62428221508854,101.14581744591672,616.1339082872432,216.27762525455927,46.04881059454439,257.36068607918094,998.4309085441104
GSM798517,Tumor,1,Cholangiocarcinoma,Liver,Inflammation,0.95,source_name_ch1,cholangiocarcinoma,Resolved,1186.2942853883922,150.27518780040995,186.15919009664395,5811.372070570228,237.7685884775719,315.9895048457077,79.53512868908506,299.0300201025497,83.02296453766662,63.26016870625622,771.0633738376984,123.11428595887249,43.956294300538126,192.58567305982712,756.5220929741865
GSM798518,Tumor,1,Cholangiocarcinoma,Liver,Inflammation,0.95,source_name_ch1,cholangiocarcinoma,Resolved,518.1068876697826,159.13367941900916,127.38705014392268,4482.752353620294,229.5100658632688,257.2865176433778,86.71413604804026,124.17959729852583,133.3153658818416,56.83834142200946,647.8621671686064,149.22943347369923,47.92723959780432,174.99732092640775,1340.906122147568
GSM798519,Tumor,1,Cholangiocarcinoma,Liver,Inflammation,0.95,source_name_ch1,cholangiocarcinoma,Resolved,568.3833808065299,284.4456576224945,141.02693134639594,5579.943604813129,262.5325307978079,274.87078422244406,126.5480097707599,147.1329731206617,121.76217967028924,57.29110386918465,732.153058371773,117.67823929012928,42.50319610949487,203.75576398203296,1952.022851611109
GSM798520,Tumor,1,Cholangiocarcinoma,Liver,Inflammation,0.95,source_name_ch1,cholangiocarcinoma,Resolved,176.5352288418871,103.52620170750907,161.05475454375073,4782.986366749986,315.3384175040138,302.257797169203,78.98852204551515,264.9564004714618,61.35647688677272,53.90903599849212,868.5182111944491,135.5946631766913,41.60713793570167,170.94253376217011,1362.491340981351
GSM798521,Tumor,1,Cholangiocarcinoma,Liver,Inflammation,0.95,source_name_ch1,cholangiocarcinoma,Resolved,1613.0190167907897,170.60540151246917,155.5860367984947,4085.107025309877,262.4316622815283,196.2145413545128,105.0873817020967,145.9379145332151,91.98114240515416,55.10503165130995,727.3473967275547,157.64015680901116,53.98925111741522,195.4002827386209,1273.439984177865
GSM798522,Tumor,1,Cholangiocarcinoma,Liver,Proliferation,0.95,source_name_ch1,cholangiocarcinoma,Resolved,626.5529086366015,175.4520156510386,206.5311838773393,2771.412436316269,246.461487183605,189.54208322629773,112.41577965059749,158.54175874526868,84.36830308853358,53.25934326187925,877.9616475683429,178.27902133749058,59.76306829675703,238.8612495182008,615.7152362703213
GSM798523,Tumor,1,Cholangiocarcinoma,Liver,Proliferation,0.95,source_name_ch1,cholangiocarcinoma,Resolved,166.66612831441196,127.46532976226158,213.5507482270824,3274.1735921690893,279.24225023665,189.08504502709377,89.81514134640504,204.89496338241,71.95128084933104,59.17051331996671,588.3196694918425,179.45356299802688,70.54778510689458,312.54651658150635,110.76848503835237
GSM798524,Tumor,1,Cholangiocarcinoma,Liver,Inflammation,0.95,source_name_ch1,cholangiocarcinoma,Resolved,613.3206055849595,263.40091638336474,138.6160572953348,3966.655937288067,244.19526810431665,180.4741577821285,36.69719497697153,126.12711328284514,68.91823028620423,47.437546235173926,1152.9068267285418,208.86639191002732,62.061152108615154,303.33579290799025,761.6543880331208
GSM798525,Tumor,1,Cholangiocarcinoma,Liver,Proliferation,0.95,source_name_ch1,cholangiocarcinoma,Resolved,1187.1748372884135,182.35597837293585,195.38051950993065,3210.969342501343,244.65041042934752,234.5250302241977,59.6001494226668,227.4829281547115,74.88082369093482,67.11348408696108,392.0691813991431,166.68635995434465,56.30258585471733,281.8019743339139,458.97993606092143
GSM798526,Tumor,1,Cholangiocarcinoma,Liver,Proliferation,0.95,source_name_ch1,cholangiocarcinoma,Resolved,533.164813076995,180.39755997858788,202.5592526863948,3525.274410869981,337.5961544251276,186.2634367371339,50.77311572851989,154.80151769346833,59.60685408336528,60.98849325122863,901.020475295168,188.1991193954994,50.45261980426309,194.86887483919136,530.1642592040229
GSM798527,Tumor,1,Cholangiocarcinoma,Liver,Inflammation,0.95,source_name_ch1,cholangiocarcinoma,Resolved,1239.19548702615,229.51910141181293,155.60917517181318,4198.311821400386,286.39637441922025,214.3314082957937,78.43277637422088,112.46745494440812,64.4661593297946,59.34777081854786,899.5728314289355,170.31332888403406,44.41097949373471,189.94623077137533,725.3096589991562
GSM798528,Tumor,1,Cholangiocarcinoma,Liver,Inflammation,0.95,source_name_ch1,cholangiocarcinoma,Resolved,137.31857929982348,243.0470526959641,152.2952195492121,4336.35251757488,280.073724425774,260.1070151655901,85.79712382175202,192.71555415102537,65.7626834840849,59.242996697087705,907.0510438781037,153.20431773505211,48.88797230798773,251.0889654700885,1345.424925631142
GSM798529,Tumor,1,Cholangiocarcinoma,Liver,Inflammation,0.95,source_name_ch1,cholangiocarcinoma,Resolved,139.29813756721998,136.41401857079777,200.38358332828244,4105.362364638753,399.5891619501358,225.74646299441432,98.08223440779588,156.8004972290974,62.80576770875848,56.80498516248092,1045.5332709700003,176.70004006156606,47.70884908505101,482.84074945788126,1354.7835513756158
GSM798530,Tumor,1,Cholangiocarcinoma,Liver,Inflammation,0.95,source_name_ch1,cholangiocarcinoma,Resolved,164.51010136504334,478.9038172168492,280.11161770378175,2263.7476425729733,255.4764918773712,272.62861029874864,30.565703828071136,242.62885218969905,82.92373885309401,70.0737090586342,741.4098051648672,272.1793163664949,51.53426467583381,599.1859517755124,2006.873418661269
GSM798531,Tumor,1,Cholangiocarcinoma,Liver,Inflammation,0.95,source_name_ch1,cholangiocarcinoma,Resolved,147.492830780065,173.51764958655525,144.73106781226107,2775.3685344344794,331.4454624449193,166.4308120294244,88.63653646759535,111.92747008647537,76.20287690244102,68.35166336947343,909.495662157702,126.12042367779608,59.24734031399519,218.2764828285041,1020.0620708444718
GSM798532,Tumor,1,Cholangiocarcinoma,Liver,Proliferation,0.95,source_name_ch1,cholangiocarcinoma,Resolved,1591.4672070344852,164.25065917355997,174.9704169320533,1829.0938890189432,282.4914245809403,127.52284230940217,35.24164252913039,242.45233020810244,77.48134522752197,67.98266039375444,893.5621825753833,194.45565394014287,57.47053370571592,549.3147095726843,669.8385899404352
GSM798533,Tumor,1,Cholangiocarcinoma,Liver,Proliferation,0.95,source_name_ch1,cholangiocarcinoma,Resolved,333.99528881508866,125.92144728016446,165.268464125723,1436.3934041082869,245.55997871133889,134.68899121578613,52.62770393887418,108.5063491888859,66.31344026062045,60.160141539661815,585.9679846666514,136.72144546703535,63.01155821687569,210.9585356585362,265.5126216851489
GSM798534,Tumor,1,Cholangiocarcinoma,Liver,Proliferation,0.95,source_name_ch1,cholangiocarcinoma,Resolved,524.4087851487835,131.22820654560795,192.15045728070865,1386.6269590121651,259.0199127646029,131.4444309983691,55.83704279502162,121.2265743530184,121.3017478672266,67.06708024273797,565.6173426487655,185.41156300508857,44.89667496503311,250.9412220229173,322.3768294672122
GSM798535,Tumor,1,Cholangiocarcinoma,Liver,Proliferation,0.95,source_name_ch1,cholangiocarcinoma,Resolved,513.6251349314954,90.72285336298468,216.5278448907929,1924.827513718536,267.2589074285588,153.22495979668588,34.36033825664751,139.22040663850976,65.25471456196445,45.54085331392972,764.4812568855365,180.51599027603444,89.40843999658593,424.5113227557836,509.8230131328989
GSM798536,Tumor,1,Cholangiocarcinoma,Liver,Proliferation,0.95,source_name_ch1,cholangiocarcinoma,Resolved,618.0672092192896,136.68647240675446,207.40692565992308,1260.443438125977,254.35291319529776,133.71070742437047,73.70093045621488,147.7228727667848,280.289198919495,51.64763659731498,792.5950534971043,149.82775844213432,65.07525010498047,395.6355191501827,392.9781333024045
GSM798537,Tumor,1,Cholangiocarcinoma,Liver,Proliferation,0.95,source_name_ch1,cholangiocarcinoma,Resolved,207.17425000422392,117.57429817797568,299.31519845408263,2771.021340491549,231.516048636606,193.22948838716795,106.05950259383047,154.2275375561084,56.51706061372395,80.33369758086226,805.3934185341241,224.9176739651268,44.437568608478514,413.8609958513315,124.8927898985506
GSM798538,Tumor,1,Cholangiocarcinoma,Liver,Inflammation,0.95,source_name_ch1,cholangiocarcinoma,Resolved,546.98062938658,173.4606862449362,149.19210483833518,2416.6314113033923,226.08973605690332,163.57879592103515,95.66488913655664,134.61003011312317,62.99597096584623,56.144295256752926,601.7829494587107,174.24945068220003,47.04640957015225,182.90712609936904,1029.949649341567
GSM798539,Tumor,1,Cholangiocarcinoma,Liver,Inflammation,0.95,source_name_ch1,cholangiocarcinoma,Resolved,1286.2997750121076,101.2238743844882,184.2427190523646,2930.254979587876,259.3376513152715,251.15248488385345,110.76463369256668,223.6335413611461,197.4707999741746,59.06088106477469,716.501412340597,212.5176333149514,77.4817256150452,390.4805903316248,851.2536647006776
GSM798540,Tumor,1,Cholangiocarcinoma,Liver,Proliferation,0.95,source_name_ch1,cholangiocarcinoma,Resolved,404.8713858478071,126.01084029046896,283.5453241471625,1705.807840567027,319.2828549125221,150.30607892496374,29.951071188232707,159.6758417472176,66.24114354921618,56.353011042662935,541.4846195712045,171.17678478055146,159.51760430423602,330.1940686548142,175.2504359246024
GSM798541,Tumor,1,Cholangiocarcinoma,Liver,Inflammation,0.95,source_name_ch1,cholangiocarcinoma,Resolved,142.4312605387428,105.25030852175274,167.3737981107951,2636.5332322059403,277.8908818329064,183.4780971092256,134.9135009398395,306.9395554847709,56.75046563288544,71.92927290990144,970.091666348331,165.979517249832,50.21823747373711,247.4399892746208,1660.3061441836053
GSM798542,Tumor,1,Cholangiocarcinoma,Liver,Inflammation,0.95,source_name_ch1,cholangiocarcinoma,Resolved,154.75938998367928,147.40511632745054,143.9631145180802,2360.719065601289,297.31770509021555,160.57799206854764,157.96714808211848,104.1924075585731,64.4727570654675,53.20915072064639,929.3783456253524,153.0445241506259,51.17319395413672,197.12448118036767,955.3834666259396
GSM798543,Tumor,1,Cholangiocarcinoma,Liver,Inflammation,0.95,source_name_ch1,cholangiocarcinoma,Resolved,957.5747909223757,93.90532425954952,192.7823845509607,2235.554921864052,345.3033529480424,160.20151935739443,87.23179676476148,267.3816336477184,70.18908825442493,54.86699342349635,629.2536028040585,196.46449416187943,68.83861974517987,259.2798289966275,1507.9569894802603
GSM798544,Tumor,1,Cholangiocarcinoma,Liver,Inflammation,0.95,source_name_ch1,cholangiocarcinoma,Resolved,659.9805406187354,194.8210953605225,146.58751601650658,2598.926872437964,293.9799424081382,188.33871238524583,71.96333326626555,132.66097332263257,59.28928533489529,54.54412350768376,873.3565644215053,168.79780087090407,63.418042077759,432.5620353745427,1030.061296897377
GSM798545,Tumor,1,Cholangiocarcinoma,Liver,Proliferation,0.95,source_name_ch1,cholangiocarcinoma,Resolved,365.5419526431974,141.1186244333633,171.15586374359492,2184.597033786604,318.3386932285789,138.96164251721993,140.21384002198678,193.63401664642785,55.31687589971804,53.54573453423935,762.0328897302809,156.44607858362167,55.74351433320913,552.1635934756073,551.3845264257201
GSM798546,Tumor,1,Cholangiocarcinoma,Liver,Proliferation,0.95,source_name_ch1,cholangiocarcinoma,Resolved,789.0784842778046,130.99909878596443,208.90372370692307,1788.7049370631948,293.51159896420256,139.5964046587102,53.37773605593864,150.4537889431751,63.40155694112647,51.81670121979725,605.5293550341638,153.39092767157766,56.59685113978392,385.5261090888686,306.1538134225586
GSM798547,Tumor,1,Cholangiocarcinoma,Liver,Proliferation,0.95,source_name_ch1,cholangiocarcinoma,Resolved,144.3337025942094,117.03834554127226,218.58729778897097,2137.5189220089,223.79944141572813,140.70722717275137,49.03572808326392,129.73060075357,59.32175353621884,60.21309930750265,408.9359928997776,168.43724448290655,141.0287603077308,346.8535635970775,223.580533970446
GSM798548,Tumor,1,Cholangiocarcinoma,Liver,Proliferation,0.95,source_name_ch1,cholangiocarcinoma,Resolved,570.968983049499,198.1332726070748,175.36270452876917,2900.244752799914,320.16976893606795,135.1002576607054,66.52698356664807,123.61547567781868,92.28747177118474,53.70843346667475,665.6840081738155,164.82894797976564,57.78477167506212,202.94511039635685,837.2843719892796
GSM798549,Tumor,1,Cholangiocarcinoma,Liver,Proliferation,0.95,source_name_ch1,cholangiocarcinoma,Resolved,344.3389841326928,119.6047462908286,173.04582163447813,1916.0588202581969,233.83118823600307,156.94213000460937,51.24588402104968,100.75198573343916,63.2096308555536,55.044723839068375,369.66781349698687,171.4014936352247,45.16928616823947,254.74834056340623,265.3387859225879
GSM798550,Tumor,1,Cholangiocarcinoma,Liver,Proliferation,0.95,source_name_ch1,cholangiocarcinoma,Resolved,685.8330988908922,102.18687806500314,197.81790803125844,2697.010821655078,335.5662981324567,147.81446155692987,33.445405747140605,184.507617441878,76.52873081367682,53.01573745038798,405.8113396432789,252.16417106271612,66.97838429761515,463.80633468121056,330.0201466280833
GSM798551,Tumor,1,Cholangiocarcinoma,Liver,Proliferation,0.95,source_name_ch1,cholangiocarcinoma,Resolved,148.68435576411937,137.85694130299393,183.6639844934564,2277.3695857302864,288.0618438292783,143.39969051781736,27.81191849102195,84.62009792546104,65.20393524085938,54.032600615585125,616.7783299045681,174.74215443990386,75.46239151887406,535.3174783557738,556.1678932011787
GSM798552,Tumor,1,Cholangiocarcinoma,Liver,Proliferation,0.95,source_name_ch1,cholangiocarcinoma,Resolved,232.9782998083131,109.27264870174392,156.87403388597073,2192.919356612513,327.0320613077285,141.3997688097084,155.7515314299621,153.74705390381013,64.66986035430945,55.942079386516255,570.9229202927606,161.85766207550515,64.74445436356844,379.2681309004769,340.7273326350085
GSM798553,Tumor,1,Cholangiocarcinoma,Liver,Proliferation,0.95,source_name_ch1,cholangiocarcinoma,Resolved,1308.1427956424625,244.3263713025385,228.9031934841434,2700.6443404317306,332.60163356332606,168.0880225584496,134.0411412132,214.5101154265648,57.35082528512567,65.35983843889677,824.5889716819013,188.6611716050928,41.45173209388994,164.17488834265268,238.31402426503644
GSM798554,Tumor,1,Cholangiocarcinoma,Liver,Proliferation,0.95,source_name_ch1,cholangiocarcinoma,Resolved,362.4031511246525,151.96862556465538,161.94977686751392,2194.932905711785,312.4957481063888,136.52130828897387,90.21945643397886,103.66431279665836,57.47412924134056,51.00206777430045,616.9071323002329,131.01590220622842,69.40073642455674,288.5551168748265,621.7909142567338
GSM798555,Tumor,1,Cholangiocarcinoma,Liver,Proliferation,0.95,source_name_ch1,cholangiocarcinoma,Resolved,565.2162498132681,108.47189702388732,162.98392022014912,1995.337243872293,302.3552459830661,132.7939137432803,61.56403673614232,150.53752381584528,68.89405696683072,46.97067749867541,444.8893307114092,181.14871273378947,58.60071772495484,300.4361280005583,336.8451720402176
GSM798556,Tumor,1,Cholangiocarcinoma,Liver,Inflammation,0.95,source_name_ch1,cholangiocarcinoma,Resolved,1525.3397206601587,298.16446132763923,131.78257345862406,4240.335759216554,264.49389841097627,157.10337446500665,125.51467484897508,106.69644549664324,84.91492137752444,49.03455657362257,876.956423119935,131.27837561860062,41.74668957643211,269.31264056358486,1581.9800565164232
GSM798557,Tumor,1,Cholangiocarcinoma,Liver,Proliferation,0.95,source_name_ch1,cholangiocarcinoma,Resolved,1436.156007358604,101.0001855990925,171.2873980417872,2516.4982054672923,292.0611538157263,157.3720461922268,103.33704258046528,246.98027154304395,86.01868088680824,54.73296903619063,883.4191452072685,134.15883636583868,47.87564616025293,250.9660773207225,562.4979517412869
GSM798558,Tumor,1,Cholangiocarcinoma,Liver,Proliferation,0.95,source_name_ch1,cholangiocarcinoma,Resolved,1072.3139446636371,126.77251709704151,209.3943462177818,2791.5455368243315,272.1647623561677,177.4679787252929,117.12673430588028,258.9813868799438,61.839135698390855,54.16467669608125,735.036713005889,178.44050420706,74.87339124957033,351.22006780407503,497.05157444918666
GSM798559,Tumor,1,Cholangiocarcinoma,Liver,Proliferation,0.95,source_name_ch1,cholangiocarcinoma,Resolved,852.3652484321155,117.79248010642507,180.8706642981748,3557.3348390647066,238.47692981999,160.98632997540324,83.72372172729149,238.2688179480686,57.43418604488605,57.31720529317029,797.2489630747722,215.630027149896,45.36364587705321,243.103104706996,103.92231463287602
GSM798560,Tumor,1,Cholangiocarcinoma,Liver,Proliferation,0.95,source_name_ch1,cholangiocarcinoma,Resolved,889.5603444246834,103.43103321567268,186.2529838425468,2236.188282117636,333.28871276086943,159.57072199882955,101.06836679046384,222.8255566148355,165.9353601875455,56.06515311706335,642.624142183297,148.5451550961498,52.9304752546048,329.1910385388243,152.49981146849464
GSM798561,Tumor,1,Cholangiocarcinoma,Liver,Inflammation,0.95,source_name_ch1,cholangiocarcinoma,Resolved,852.8804816684636,165.83767586054893,208.64015541802183,4613.290498469673,259.5200889784939,298.8604579604082,75.38255394946334,393.9730883526559,65.73607082618477,63.22599736359655,772.1010635050293,175.70486271097425,45.93507532025723,291.4952343068712,800.5006306506
GSM798562,Tumor,1,Cholangiocarcinoma,Liver,Inflammation,0.95,source_name_ch1,cholangiocarcinoma,Resolved,2332.712611579712,192.9522406595031,134.59627150740124,4560.071342619692,225.113042238034,290.3200402362186,108.58175936797709,415.8709529097469,90.61907454646344,67.78623096843329,1066.9948442198008,121.03574969906856,50.64778336096011,231.5286283945988,805.9953719745226
GSM798563,Tumor,1,Cholangiocarcinoma,Liver,Inflammation,0.95,source_name_ch1,cholangiocarcinoma,Resolved,922.9350613085712,159.71693147698147,130.94453296164423,4183.073454003615,242.19894294556272,254.6430977083611,75.73465519625653,246.95357910799,94.88252953582868,91.7286801798517,536.610611961647,160.9385014061669,44.04815459968076,255.1536465668484,786.8501887440699
GSM798564,Tumor,1,Cholangiocarcinoma,Liver,Inflammation,0.95,source_name_ch1,cholangiocarcinoma,Resolved,779.1141589367252,137.24943679672316,130.72843737727203,3837.722989458058,280.37245866804614,216.3257299444356,57.89069595358513,215.034659968727,65.91600496993891,75.51995038728246,709.9041167582841,146.8682529064755,48.18544859946069,270.43375192861,557.0794592038989
GSM798565,Tumor,1,Cholangiocarcinoma,Liver,Inflammation,0.95,source_name_ch1,cholangiocarcinoma,Resolved,744.4140282072008,162.9261806129523,185.19576412922447,4321.090744915945,232.73700572377533,281.3041446309368,52.83321678766856,181.4200827143884,60.5435099501473,90.32320056746649,957.6987099339192,180.13534304626495,52.31883427690352,245.1662088015113,1002.5161016507144
GSM798566,Tumor,1,Cholangiocarcinoma,Liver,Inflammation,0.95,source_name_ch1,cholangiocarcinoma,Resolved,808.6092275436918,205.30659071745183,158.79142410589523,4542.888592603763,271.6513560767504,331.6903564622765,80.55142509140974,155.257354769958,90.382849538398,72.6441488670876,781.9488981275247,134.69980833811917,46.06672161124522,181.8201692619511,1800.7438825473
GSM798567,Tumor,1,Cholangiocarcinoma,Liver,Inflammation,0.95,source_name_ch1,cholangiocarcinoma,Resolved,181.45029980592523,295.0141647528735,201.55648173949177,5105.918953896518,264.73275085029303,440.4398633666924,28.886665485225773,161.78316237823128,208.4050804332829,94.4830636009046,737.3283520727072,228.74425769300765,63.04857091738131,262.750766765174,1516.381384756838
GSM798568,Tumor,1,Cholangiocarcinoma,Liver,Inflammation,0.95,source_name_ch1,cholangiocarcinoma,Resolved,831.5728760249192,174.41336900251775,135.77198299354012,3724.787988659068,279.19284954317254,282.48902552620586,60.2552844236812,253.65489866275576,75.41933099672191,73.91377467233063,645.5711061118632,160.5332483758857,46.81989387054961,288.6997193732611,300.7598664787167
GSM798569,Tumor,1,Cholangiocarcinoma,Liver,Inflammation,0.95,source_name_ch1,cholangiocarcinoma,Resolved,618.306509809094,200.27920949166065,163.3943574056714,3796.539363404506,271.71833539670234,236.3136373735705,51.26535906163098,229.2704977591977,66.74994531706798,65.46375508496065,758.6582799495387,116.87513367182189,44.11855172679982,198.1638196613831,819.8158756619698
GSM798570,Tumor,1,Cholangiocarcinoma,Liver,Inflammation,0.95,source_name_ch1,cholangiocarcinoma,Resolved,689.0503667329587,194.77952779708457,186.10764311434323,3816.378004549361,270.96734108585605,237.40139344638723,62.531089404634905,263.70244576166,117.02499414754622,72.12503423510921,847.179577603456,147.03904507485584,45.81404485777285,237.8260992954916,807.9674576064283
GSM798571,Tumor,1,Cholangiocarcinoma,Liver,Inflammation,0.95,source_name_ch1,cholangiocarcinoma,Resolved,706.4699141433808,132.50303614629698,166.24200820816915,3166.3574176455886,264.0853703630408,209.6677742822188,66.67436171361851,113.56316620336642,52.074910729606245,69.15383001423633,1013.7356691776596,142.86687170099245,54.03404784562203,185.34861427956884,732.9092723012843
GSM798572,Tumor,1,Cholangiocarcinoma,Liver,Proliferation,0.95,source_name_ch1,cholangiocarcinoma,Resolved,521.261964877537,153.30519869046432,165.07097412651464,3130.13891955234,241.04643946140155,204.09306481771264,28.255132595553395,115.36699796269498,72.48002414484317,77.92853990283821,582.5114602189142,203.8800157625558,45.96156904695857,264.0406500863666,710.0498389262984
GSM798573,Tumor,1,Cholangiocarcinoma,Liver,Inflammation,0.95,source_name_ch1,cholangiocarcinoma,Resolved,174.70679346663482,153.36585755249595,220.4130837398582,2298.1238236842264,385.89231512444553,229.691986670002,30.3452215309394,145.93721169314446,74.6899147621686,51.67872457281934,983.1120852368806,135.3286870884516,44.39661127895992,211.30713896952983,192.7326367728552
GSM798574,Tumor,1,Cholangiocarcinoma,Liver,Proliferation,0.95,source_name_ch1,cholangiocarcinoma,Resolved,141.00781820336493,153.29991566969218,241.04473949253625,2944.926315070215,358.207975014144,195.32879716054669,65.66506494299303,235.57991396052967,65.53670449892756,56.36690870644524,501.7253185690522,233.12466136881764,68.26883046712733,362.3026614086,946.5594548713084
GSM798575,Tumor,1,Cholangiocarcinoma,Liver,Proliferation,0.95,source_name_ch1,cholangiocarcinoma,Resolved,204.26343235780675,139.5362195762721,202.21292758311608,2431.9550035071925,385.9161425724337,187.3097214213026,33.89247545178494,133.42822517263733,58.11248468360015,62.02008554442528,375.9993467758578,207.9755421506389,61.88519663752834,456.5280927375689,530.9102412042505
GSM798576,Tumor,1,Cholangiocarcinoma,Liver,Proliferation,0.95,source_name_ch1,cholangiocarcinoma,Resolved,377.4437041249358,227.24721136140843,160.6920414653174,2182.9927070110875,265.7224589485715,221.9962617808602,76.17155165539596,130.84154168230577,60.2736975030653,53.23028078284764,913.19714025106,140.46633367691078,52.08012475513852,170.1692499906779,1060.0317036872646
GSM798577,Tumor,1,Cholangiocarcinoma,Liver,Proliferation,0.95,source_name_ch1,cholangiocarcinoma,Resolved,161.3261020567539,169.1449079582458,236.27648027791648,2722.8478262739613,247.5438952561704,235.10238300361692,29.046435394802675,140.27285923848223,64.53771991607653,80.13599306172932,255.643456455588,164.72107297027483,74.09120916296075,166.34916796685548,690.1397567364974
GSM798578,Tumor,1,Cholangiocarcinoma,Liver,Proliferation,0.95,source_name_ch1,cholangiocarcinoma,Resolved,450.57344685934805,127.819410425046,289.2120823435175,2395.8626782383503,298.5091363558648,189.42273698414692,28.804043960636378,200.4071256344297,57.478517541371765,52.41900650242798,584.1006188657802,164.27467232626444,91.11360562818795,326.3351926381887,620.1380503148658
GSM798579,Tumor,1,Cholangiocarcinoma,Liver,Proliferation,0.95,source_name_ch1,cholangiocarcinoma,Resolved,1836.402223948804,133.2563366728763,217.06593244438827,2830.5805003625137,239.043233763688,238.457849539618,29.56556263201893,93.0611405346848,69.80129975476625,62.53889231126486,485.928613701086,262.8182802507232,68.67728292283546,360.93463613789726,497.3323140985816
GSM798580,Tumor,1,Cholangiocarcinoma,Liver,Proliferation,0.95,source_name_ch1,cholangiocarcinoma,Resolved,148.66525204428714,101.10324214547306,211.87442792182875,2267.552579691924,259.13794419495224,218.75743036096569,106.08240204086536,160.50253768333627,60.68766223980059,53.59907080444771,760.904594585806,173.89386185299938,59.07042468998886,205.7832588512088,886.6646074514729
GSM798581,Tumor,1,Cholangiocarcinoma,Liver,Proliferation,0.95,source_name_ch1,cholangiocarcinoma,Resolved,450.2051650665842,120.6583364922231,269.5689456463383,2245.431043603207,311.2332541011626,192.12292185583647,60.5671514051136,260.04462775174994,56.69952783017345,56.53387471324331,445.0582318366348,157.731731085264,68.19184449468484,302.0971625175941,625.4435624396851
GSM798582,Tumor,1,Cholangiocarcinoma,Liver,Inflammation,0.95,source_name_ch1,cholangiocarcinoma,Resolved,1777.4487357937976,109.26801431881628,235.2593590334644,4423.555593014381,508.6421921897504,534.3330517845623,186.2137969599528,191.4807931631007,69.61956031672149,88.68338058370921,427.422427144265,271.305261002211,85.03554948193262,176.72614903363518,2771.806877214101
GSM798583,Tumor,1,Cholangiocarcinoma,Liver,Proliferation,0.95,source_name_ch1,cholangiocarcinoma,Resolved,139.17771220229912,154.45432500867005,230.92861760925544,2193.265038600573,350.9239223397813,234.9051777130637,55.54641441078291,182.12649168942323,67.47974301487587,78.09939041117973,444.0882195199764,203.5088291966989,84.26421871910993,834.6915708719957,111.7940593116232
GSM798584,Tumor,1,Cholangiocarcinoma,Liver,Proliferation,0.95,source_name_ch1,cholangiocarcinoma,Resolved,722.4438255423696,99.69523775057098,228.33235416277057,2326.292655662177,248.8984874378548,206.06626680917208,32.9470924502108,291.8920817034134,53.9728265721309,71.87421642709708,588.9824094687955,187.2335537055679,58.34813865636495,269.9325027928884,1070.0980544338238
GSM798585,Tumor,1,Cholangiocarcinoma,Liver,Proliferation,0.95,source_name_ch1,cholangiocarcinoma,Resolved,687.0461942906109,194.95072297608272,342.0472106577687,2252.288285832689,334.93916617182833,189.9197774327908,57.69914852452845,264.5302500580276,96.77401437675832,62.32541265732735,545.1839109065083,207.52071428909787,115.0276753491356,283.25824786047826,365.7181250744575
GSM798586,Tumor,1,Cholangiocarcinoma,Liver,Proliferation,0.95,source_name_ch1,cholangiocarcinoma,Resolved,212.26389009225537,169.36901095703485,222.025961531686,2584.420433840896,274.10141174380175,255.38625481150785,29.73704438029285,313.1234347732652,63.12783861897541,49.35944171049937,419.22260076932,254.21341023902772,96.66502168004044,204.86775783197623,892.0586492535655
GSM798587,Tumor,1,Cholangiocarcinoma,Liver,Proliferation,0.95,source_name_ch1,cholangiocarcinoma,Resolved,154.93599109891124,113.73322336951838,296.84967511313187,1749.958276181549,333.41800953521584,198.34966512843005,60.99462019618143,103.77363891959575,57.50294008419034,60.365795601306,587.5021594595597,187.22211137802543,73.12614543347166,233.57463562588,791.4697212508436
GSM798588,Tumor,1,Cholangiocarcinoma,Liver,Proliferation,0.95,source_name_ch1,cholangiocarcinoma,Resolved,156.62965181389814,134.91099571994332,182.36118087264288,2101.086026986982,377.033587645519,334.479013231558,59.95462929091001,223.80126246079456,125.15356760214942,67.96070239175147,487.25875152785625,263.0751739727855,63.994093012124175,456.3039899090933,570.5560915965225
GSM798589,Tumor,1,Cholangiocarcinoma,Liver,Proliferation,0.95,source_name_ch1,cholangiocarcinoma,Resolved,183.59220176629407,117.86174935525275,212.5778413902677,2089.7335992219373,306.0686012957678,211.24417360901745,93.34624240302298,182.16624836765465,219.9328593424908,74.36075787234027,541.2591423712639,230.524307608222,65.04985899984925,380.7819903538264,697.9712477795226
GSM798590,Tumor,1,Cholangiocarcinoma,Liver,Inflammation,0.95,source_name_ch1,cholangiocarcinoma,Resolved,1358.9525454071666,275.3174475433996,120.47667998203872,3034.11689138401,253.7401416779283,209.582912104136,195.6346785354673,95.7255003921224,96.93700273994924,47.27112698931716,753.9018000714225,127.78644333776214,44.09610905858965,270.10589559479274,4341.944912250845
GSM798591,Tumor,1,Cholangiocarcinoma,Liver,Proliferation,0.95,source_name_ch1,cholangiocarcinoma,Resolved,155.20756827501347,120.05088460968864,217.28850224325492,1374.7415557708086,261.6229184877619,167.21044859055365,55.603402432183,110.5021304576292,60.43633008520965,50.037370922288666,738.0652129509901,152.2149254988368,62.99845695842304,235.65317189199865,749.066817166239
GSM798592,Tumor,1,Cholangiocarcinoma,Liver,Proliferation,0.95,source_name_ch1,cholangiocarcinoma,Resolved,369.1168448163658,125.93724371874448,483.2684731554897,1469.8107030899848,318.8687119497593,179.97494183493873,34.18149894739036,159.0754144903565,64.10059006334406,64.58025848236436,676.9596596036552,238.8047078913639,55.96164315378907,345.47990685000275,559.7678008775925
GSM798593,Tumor,1,Cholangiocarcinoma,Liver,Proliferation,0.95,source_name_ch1,cholangiocarcinoma,Resolved,384.0736840970882,181.4958072967445,242.59183122021813,1708.5812138999506,248.21692755831307,207.8566591078692,74.49864988005793,292.11319811666425,56.15851115471967,53.69747005252486,1156.5805145933211,159.42090155445285,68.04038104039164,286.816539310879,1067.8923126579332
GSM798594,Tumor,1,Cholangiocarcinoma,Liver,Proliferation,0.95,source_name_ch1,cholangiocarcinoma,Resolved,525.4711420589822,124.66540340039718,242.9216066126953,1652.2005450354882,358.14746927770807,182.88165149295872,29.011993638799325,145.3203585956508,58.89383906053818,56.71065979123012,446.3446576699456,215.05986793733908,68.36891416378441,340.9486020914447,563.7849311469824
GSM798595,Tumor,1,Cholangiocarcinoma,Liver,Proliferation,0.95,source_name_ch1,cholangiocarcinoma,Resolved,236.43319252903143,134.12344423516453,234.79334141085684,2304.5328473540567,297.52765834155576,195.3505590377645,31.543100167939183,169.6315368917339,61.67337607180622,57.52313639372768,662.9897225963578,217.0675432458918,75.00367059790157,202.82931052103424,781.4995865743493
GSM798596,Tumor,1,Cholangiocarcinoma,Liver,Proliferation,0.95,source_name_ch1,cholangiocarcinoma,Resolved,484.6740409174299,138.3635763773659,252.56403698980148,1999.528739371674,252.9615760749614,237.76883786154752,32.1441618017435,186.69653884944512,66.18733879332403,78.52812011734169,620.2303438963579,332.8314897413554,132.15226113218367,222.32380078976664,383.9334594712309
GSM798597,Tumor,1,Cholangiocarcinoma,Liver,Proliferation,0.95,source_name_ch1,cholangiocarcinoma,Resolved,397.4290643035744,165.73513538678577,362.8772906694538,2209.864320553236,339.8744853546556,201.1264653157737,82.20116274004184,163.30929536880117,61.271704100367295,58.05501308310647,497.4968978935317,184.6084430093969,72.47098593286722,1276.9448450754176,571.2709411794161
GSM798598,Tumor,1,Cholangiocarcinoma,Liver,Proliferation,0.95,source_name_ch1,cholangiocarcinoma,Resolved,185.42404140849047,116.4203703938324,387.50235265917246,2013.9689481139765,367.5038533982091,187.4403129923256,31.869903675612743,133.03628430787649,65.05099751552167,60.14953801300892,387.8779003426319,222.29047659291112,76.75722336141516,882.1673607370082,383.3649033233361
GSM798599,Tumor,1,Cholangiocarcinoma,Liver,Proliferation,0.95,source_name_ch1,cholangiocarcinoma,Resolved,137.9270604088651,106.38121728597666,235.3887003830415,1514.5774425366842,312.0824127300414,210.0579936631489,106.21342616832936,97.85705966326432,120.93591488691092,54.46595842531881,401.2562246336665,158.10497051155775,52.70501591692302,421.94839860402334,865.8705616482771
GSM798600,Tumor,1,Cholangiocarcinoma,Liver,Proliferation,0.95,source_name_ch1,cholangiocarcinoma,Resolved,577.7107442903285,103.54575073731434,227.19960294464187,1494.4848937806412,248.02881222204192,193.47479135467515,85.00057837570793,207.7708702862573,76.12655868712756,46.88700048861369,498.41084470858135,194.99502323664308,74.39092686026633,261.9638535496984,733.9744209979707
GSM798601,Tumor,1,Cholangiocarcinoma,Liver,Proliferation,0.95,source_name_ch1,cholangiocarcinoma,Resolved,222.99228917191988,101.05132549428514,324.3994988168084,1673.2994332192404,260.967543624744,160.89523893377532,58.16825941368449,158.43230097746613,61.5619773151635,48.69468939470527,414.3885761987696,195.2499832580294,87.26972750237351,362.6020562893922,645.0574459597344
GSM798602,Tumor,1,Cholangiocarcinoma,Liver,Proliferation,0.95,source_name_ch1,cholangiocarcinoma,Resolved,163.74174567899271,133.33513050032985,228.65230498263853,2410.390256956687,355.4994158005004,311.19859428901015,112.22157001245904,317.1630522333593,62.59191001892621,50.85236013519113,1246.8823035913206,196.9558588675211,108.40248359330644,583.8876587022123,691.7982291156992
GSM798603,Tumor,1,Cholangiocarcinoma,Liver,Proliferation,0.95,source_name_ch1,cholangiocarcinoma,Resolved,547.0786304583785,194.8731249886252,149.63645610947003,2328.311390412067,269.1798290707529,194.432479630142,140.5123379947832,96.07733433084545,64.16661819544764,47.85861087375812,897.9278413177287,140.9722173553115,45.52784014363473,423.8676378386713,2460.777251601214
GSM798604,Tumor,1,Cholangiocarcinoma,Liver,Proliferation,0.95,source_name_ch1,cholangiocarcinoma,Resolved,324.309947170868,132.29599096751804,319.35810975564203,1393.5105966688543,272.1440509268486,210.98476082198667,50.08581094569847,159.46188495327343,57.01835151970983,51.313039759822665,856.2104633813925,269.2675077456711,73.3371208426857,430.8291091663896,713.1990522850657
GSM798605,Tumor,1,Cholangiocarcinoma,Liver,Proliferation,0.95,source_name_ch1,cholangiocarcinoma,Resolved,143.52652820153847,124.68767393502064,313.16376377374723,1950.8165263024048,260.843284535537,165.97289297154836,29.03614911464896,98.51715927118906,59.84248574996015,56.39880342561874,612.16846389775,210.1877069957871,71.14972133596409,195.83210495160893,1350.2427618070826
GSM798606,Tumor,1,Cholangiocarcinoma,Liver,Proliferation,0.95,source_name_ch1,cholangiocarcinoma,Resolved,272.33885789244187,117.35580569536404,335.3396512506998,1443.3292929249512,269.10794731206107,183.7000959157729,72.42633383343477,173.0295609712527,60.84757633666674,51.04984698443795,575.9950928350363,186.3461300193436,94.02767448937684,366.39430712187686,581.7975852329117
GSM798607,Tumor,1,Cholangiocarcinoma,Liver,Proliferation,0.95,source_name_ch1,cholangiocarcinoma,Resolved,765.6368453171845,114.16486263137016,197.01686896304204,1906.03660319851,263.124594534592,204.53260006289224,45.72399902926136,373.7212687049936,107.25134473911204,51.86941163323843,725.5046092667538,234.23012211329552,52.905178836472494,171.85930622445963,995.4092413319196
GSM798608,Tumor,1,Cholangiocarcinoma,Liver,Proliferation,0.95,source_name_ch1,cholangiocarcinoma,Resolved,952.5680081644116,124.7402442005432,401.245947832846,1600.8690204454008,277.2042382941792,177.42526176609414,79.04185415711152,253.47045212916868,65.17505712947398,56.76104001999764,690.6347372478823,288.3920942883192,99.0312567937584,743.6639635871568,467.4206155641204
GSM798609,Tumor,1,Cholangiocarcinoma,Liver,Proliferation,0.95,source_name_ch1,cholangiocarcinoma,Resolved,425.3806735078336,135.41356563715522,277.84898089756047,2146.378056367515,362.2391199597876,193.7780662355564,34.36432478564895,184.48601560648268,67.69070798096375,58.41940661976392,370.03498285006776,254.684145583592,86.52268794426776,622.5526094146771,320.65911198329786
GSM798610,Tumor,1,Cholangiocarcinoma,Liver,Proliferation,0.95,source_name_ch1,cholangiocarcinoma,Resolved,235.5200495788187,149.48565757843926,287.2173177183072,1703.8341294765637,288.52832568922685,184.6606877351913,29.35649361847442,150.44921263233394,68.25784558839072,48.33720485411603,379.4875072776953,185.8211350016071,98.52891971112156,409.971816595196,535.5962582249538
GSM798611,Tumor,1,Cholangiocarcinoma,Liver,Proliferation,0.95,source_name_ch1,cholangiocarcinoma,Resolved,827.3175919727707,128.38740774068586,386.3194358559519,1359.2844704876663,252.1775385875323,249.76971338153035,69.58559607321963,276.73390226323534,56.62561170240415,60.64844930550073,589.7961049592267,194.62306638804608,147.66427271583697,466.88177134142416,586.6811032585891
GSM798612,Tumor,1,Cholangiocarcinoma,Liver,Inflammation,0.95,source_name_ch1,cholangiocarcinoma,Resolved,853.4544933071904,214.613260909992,127.92561763697644,3320.3080910156204,277.78337286435146,339.04794703533656,178.9135900498885,80.76143396976622,93.39445516332614,50.241119913262544,1063.883279932828,142.86572427070791,49.17557062288556,232.68321544695536,4912.029813564603
GSM798613,Tumor,1,Cholangiocarcinoma,Liver,Proliferation,0.95,source_name_ch1,cholangiocarcinoma,Resolved,660.9927387764095,120.77606796689167,310.33388222389743,1264.5501169018155,281.9404314783579,143.09191991290837,79.04738294014045,216.740308813674,93.65705385516816,46.273558162248655,589.4848541335305,187.7905270164361,78.78945596686832,597.4845693108252,697.5303949675543
GSM798614,Tumor,1,Cholangiocarcinoma,Liver,Proliferation,0.95,source_name_ch1,cholangiocarcinoma,Resolved,220.05169380133896,131.52561949146514,390.770935387197,1016.044865494226,362.9830532409754,147.86085485597337,59.63668351135125,141.13589462778447,196.6455468695173,52.94749821410915,368.05769272523895,197.4707772942025,66.80428055001595,661.5876862727688,397.20457049545337
GSM798615,Tumor,1,Cholangiocarcinoma,Liver,Proliferation,0.95,source_name_ch1,cholangiocarcinoma,Resolved,154.407404405289,157.66314235470784,311.9574385190295,1684.4889533045637,300.7679820738809,167.48273242642597,30.37739379143704,99.47708556541912,81.48625695774291,58.28965600817426,433.2449082636044,283.7353998437308,132.69335342360992,514.8739490822874,446.3862038707778
GSM798616,Tumor,1,Cholangiocarcinoma,Liver,Proliferation,0.95,source_name_ch1,cholangiocarcinoma,Resolved,797.5732849204613,219.61729922047263,149.26497722235112,1789.215836458439,276.82403877225323,182.0814210699028,79.0302394894432,213.5260282855833,60.77000858768756,46.62342730966265,969.7715466021564,201.6799642662292,65.66426356497183,355.37636447885563,1604.6952095844993
GSM798617,Tumor,1,Cholangiocarcinoma,Liver,Proliferation,0.95,source_name_ch1,cholangiocarcinoma,Resolved,204.9301733178072,117.98457792055063,474.8739911986394,1311.9827490145706,296.0563251650442,156.98781786321624,50.56085197509865,89.31920934184724,56.01367455792196,50.542193007031166,476.41725118280345,282.32923955763687,109.4769676741056,442.7636797958982,634.2695245374388
GSM798618,Tumor,1,Cholangiocarcinoma,Liver,Proliferation,0.95,source_name_ch1,cholangiocarcinoma,Resolved,729.804571813422,142.7146724970388,248.47467745886863,1358.4147267556064,317.9930625404638,149.36602436315928,84.05887518105756,152.48474596143697,87.06294926948604,51.38811388016515,580.7297638632747,170.94727986052098,68.9120618964159,539.7391805789395,253.1588024256588
GSM798619,Tumor,1,Cholangiocarcinoma,Liver,Proliferation,0.95,source_name_ch1,cholangiocarcinoma,Resolved,1212.719077421821,151.45465027318738,308.78702142742407,1382.5151522438412,275.5667478614322,163.42045224788586,28.591394046280257,249.2040419679468,68.24360415611048,53.825414773474414,758.0139793350887,188.1443843484933,135.7647955361183,555.971039326586,379.4931455166952
GSM798620,Tumor,1,Cholangiocarcinoma,Liver,Proliferation,0.95,source_name_ch1,cholangiocarcinoma,Resolved,806.8905377697291,101.4080240026567,377.0453540449476,1174.743585569635,291.5970064156659,168.994862150607,70.43113573157137,208.19824145183296,54.79533247573848,53.37566128361204,897.4579538045889,257.59441398399287,104.70409976666456,314.4356124519989,533.8609888632508
GSM798621,Tumor,1,Cholangiocarcinoma,Liver,Proliferation,0.95,source_name_ch1,cholangiocarcinoma,Resolved,694.112089840801,120.76136476790428,236.66690881255977,1236.575213036657,296.4253065332637,151.97896967563076,75.65280095035477,234.83356004018688,59.83684944777104,56.21373502808208,589.1609564414955,177.9405993351568,72.3269526637736,444.14892512625545,530.2397358111139
GSM798622,Tumor,1,Cholangiocarcinoma,Liver,Proliferation,0.95,source_name_ch1,cholangiocarcinoma,Resolved,417.3929179396336,119.84717886756938,223.569722295165,1022.4852619921692,343.45869592358616,169.2072323430198,41.09257443429008,157.11197992084834,57.38863566845261,55.37495481928505,369.8692962695114,207.61119197349703,79.69425015320256,414.0858697774021,433.818155194965
GSM798623,Tumor,1,Cholangiocarcinoma,Liver,Proliferation,0.95,source_name_ch1,cholangiocarcinoma,Resolved,332.1821492822229,118.52520729328938,217.7088980827517,1010.7086399487728,404.57721263390624,148.75337723261063,46.99051925170576,156.81625013925895,57.49227746759456,60.74596586123697,263.6027812053247,210.2803841899428,84.72051956399478,836.6403244690753,409.7787063628808
GSM798624,Tumor,1,Cholangiocarcinoma,Liver,Proliferation,0.95,source_name_ch1,cholangiocarcinoma,Resolved,421.2770558664265,124.71422255705323,286.05913581437585,1227.1858793870608,300.3854378756121,157.09049882165922,82.45775622310113,219.14940359404943,59.51727825283115,51.3606629028856,765.700543683404,218.08345761541457,89.21073331221183,568.2596404893951,1097.5932070363954
GSM798625,Tumor,1,Cholangiocarcinoma,Liver,Proliferation,0.95,source_name_ch1,cholangiocarcinoma,Resolved,210.57664195929848,111.41556888035088,218.86346912763008,1957.9043473406089,357.206887244876,179.9746680942769,30.098625878355097,161.5266136038845,130.1738349091203,57.41607795463487,399.3328061692969,283.69994843463365,56.35082263123843,339.4174821196161,604.5415352688566
GSM798626,Tumor,1,Cholangiocarcinoma,Liver,Proliferation,0.95,source_name_ch1,cholangiocarcinoma,Resolved,141.54697802166928,112.38159329038996,224.0166303303339,1690.948790620448,298.2041148587496,177.9531607541966,29.35207187270809,156.6473703090382,56.35504938786236,57.23745635834096,460.1168892603207,220.75081136697776,78.62104436994962,299.5796761455952,516.4081716819034
GSM798627,Tumor,1,Cholangiocarcinoma,Liver,Proliferation,0.95,source_name_ch1,cholangiocarcinoma,Resolved,193.46976417557173,178.4282517531874,300.5353090688827,1848.3647640930285,254.40781496310785,192.6762064079639,63.50588149864849,200.9001357965086,169.64515913827054,57.00664164344812,273.5217417604299,154.7498173035257,65.08608062806765,249.6397657979865,992.8227480692988
GSM798628,Tumor,1,Cholangiocarcinoma,Liver,Proliferation,0.95,source_name_ch1,cholangiocarcinoma,Resolved,138.6706932131815,202.2225680738543,146.23971003243466,2170.717081232927,286.59334766492424,230.8505677864612,63.75738209867256,489.5696022128077,94.32213274224716,54.651025830062366,807.6049331862391,178.05581509200306,46.203680244128414,226.70764993279025,1408.7011981212772
GSM798629,Tumor,1,Cholangiocarcinoma,Liver,Proliferation,0.95,source_name_ch1,cholangiocarcinoma,Resolved,140.36503485814356,177.2571731839625,287.35393130593314,2019.2286285499977,284.7686278084737,191.8198753218988,71.90570965138477,283.0540495458362,116.20052116940889,64.90981227841081,823.1236156509314,188.89310239241783,59.47261516653535,202.4832488361912,815.5037678526046
GSM798630,Normal,0,Healthy,Bile Duct,,0.95,source_name_ch1,normal,Resolved,2280.4038205521574,161.72371817915396,152.3422107579812,2781.4138355672258,295.42099158057,229.21825993889024,85.40488218206154,270.6191356764152,66.483337255571,57.9753518615471,837.9032804348764,153.8024467109847,46.6276411665382,187.6290130603769,1096.2346470198922
GSM798631,Normal,0,Healthy,Bile Duct,,0.95,source_name_ch1,normal,Resolved,2435.6463398125725,190.2164650675177,135.09391389602484,2525.118191084915,236.85055973055864,239.08102507233747,67.03973911348292,303.53154024911566,62.90970560726546,67.8312854579211,1203.6985074548752,133.9751628662782,43.155898337195005,201.43304905076155,1085.3372146974064
GSM798632,Normal,0,Healthy,Bile Duct,,0.95,source_name_ch1,normal,Resolved,2277.0834080934565,185.9422970150212,142.39251317929967,4175.115868999286,282.37639678825883,376.2968070413728,140.96617382575718,324.8486229701177,66.74789121166137,66.33607412793641,1148.320287272296,174.5102878332222,42.34232843286555,196.4716788881697,658.9326548693039
GSM798633,Normal,0,Healthy,Bile Duct,,0.95,source_name_ch1,normal,Resolved,2270.4138464146868,188.24841441176764,136.72380769054504,3605.1264147149145,233.16121768369533,306.4865000919654,139.35259162992523,263.1143821102752,68.71372280501578,59.029047799493775,886.279147763566,155.9049216606698,43.99716947421104,236.41666504796663,615.2507008933404
GSM798634,Normal,0,Healthy,Bile Duct,,0.95,source_name_ch1,normal,Resolved,164.73479630939497,288.3272280372337,216.0117203436908,1493.3021944222328,322.2375165995521,378.3087471499175,28.108060503320825,503.9787038987898,56.17341418659575,70.8248676322762,598.6807958014286,148.71691906068827,79.96706581206713,227.1354798817773,2556.378009326742
GSM798635,Normal,0,Healthy,Bile Duct,,0.95,source_name_ch1,normal,Resolved,761.3773225123183,130.69257971018558,154.91194453033023,4578.547828305381,395.57426968110224,379.6420753363973,131.72905102952456,354.5872330325085,56.65270213183883,72.11177885881982,536.4605347519637,174.66144785589864,55.91565995551529,242.71575780173487,1760.7588878117374
